timestamp,cpu_usage
2026-05-19 00:00:00,9.033150746360015
2026-05-19 00:05:00,11.821806541010963
2026-05-19 00:10:00,15.089264078181545
2026-05-19 00:15:00,10.071717912794192
2026-05-19 00:20:00,8.53240280952216
2026-05-19 00:25:00,22.96416118556896
2026-05-19 00:30:00,14.623542266220948
2026-05-19 00:35:00,11.040385298973987
2026-05-19 00:40:00,18.306665069762516
2026-05-19 00:45:00,19.700379649867354
2026-05-19 00:50:00,15.000206746669864
2026-05-19 00:55:00,19.248386545347195
2026-05-19 01:00:00,16.64408453369221
2026-05-19 01:05:00,13.387109696011656
2026-05-19 01:10:00,19.97757880451972
2026-05-19 01:15:00,15.636869178670434
2026-05-19 01:20:00,13.34376084860274
2026-05-19 01:25:00,23.50562667357496
2026-05-19 01:30:00,19.9366167662054
2026-05-19 01:35:00,16.665475139831393
2026-05-19 01:40:00,21.198111615475813
2026-05-19 01:45:00,24.941540221966484
2026-05-19 01:50:00,26.01864396914109
2026-05-19 01:55:00,30.24764528908698
2026-05-19 02:00:00,28.226284140235038
2026-05-19 02:05:00,22.280524168074045
2026-05-19 02:10:00,22.440782813355575
2026-05-19 02:15:00,18.322170925411854
2026-05-19 02:20:00,17.742355454010415
2026-05-19 02:25:00,33.30117137119568
2026-05-19 02:30:00,31.70920258027793
2026-05-19 02:35:00,29.94743875300999
2026-05-19 02:40:00,32.56844923394845
2026-05-19 02:45:00,36.332227130857305
2026-05-19 02:50:00,37.198327281778354
2026-05-19 02:55:00,39.109602082137016
2026-05-19 03:00:00,38.73646294570282
2026-05-19 03:05:00,39.547977209659436
2026-05-19 03:10:00,39.656777215582906
2026-05-19 03:15:00,36.57674439733521
2026-05-19 03:20:00,31.99650385518845
2026-05-19 03:25:00,44.76335425878602
2026-05-19 03:30:00,39.3448543150378
2026-05-19 03:35:00,37.5263083714255
2026-05-19 03:40:00,39.817156552458805
2026-05-19 03:45:00,40.60094727974641
2026-05-19 03:50:00,41.389186697537546
2026-05-19 03:55:00,48.71530660810306
2026-05-19 04:00:00,45.56097114504848
2026-05-19 04:05:00,42.705399113881
2026-05-19 04:10:00,43.789983097260475
2026-05-19 04:15:00,41.79205885552237
2026-05-19 04:20:00,40.644158954026175
2026-05-19 04:25:00,53.5337002469056
2026-05-19 04:30:00,49.15024264725584
2026-05-19 04:35:00,47.61700522395644
2026-05-19 04:40:00,51.05881896104067
2026-05-19 04:45:00,54.25220134131815
2026-05-19 04:50:00,54.17899121206573
2026-05-19 04:55:00,59.27602216842376
2026-05-19 05:00:00,56.95603979552083
2026-05-19 05:05:00,49.89911179257878
2026-05-19 05:10:00,53.15449141080182
2026-05-19 05:15:00,51.42370867136899
2026-05-19 05:20:00,49.21005278360441
2026-05-19 05:25:00,65.79320473663729
2026-05-19 05:30:00,54.97429814505196
2026-05-19 05:35:00,62.203328428109074
2026-05-19 05:40:00,58.731131738075995
2026-05-19 05:45:00,55.0563292544813
2026-05-19 05:50:00,56.16123283484254
2026-05-19 05:55:00,62.94459909259891
2026-05-19 06:00:00,56.14656136151148
2026-05-19 06:05:00,58.11228498921768
2026-05-19 06:10:00,58.9153902240963
2026-05-19 06:15:00,65.73877258264534
2026-05-19 06:20:00,63.15009006356412
2026-05-19 06:25:00,76.09986663335323
2026-05-19 06:30:00,64.79967705636085
2026-05-19 06:35:00,61.77563262113501
2026-05-19 06:40:00,62.768549922497975
2026-05-19 06:45:00,63.496245227743096
2026-05-19 06:50:00,60.42954389884149
2026-05-19 06:55:00,66.2157036238471
2026-05-19 07:00:00,62.220042139606576
2026-05-19 07:05:00,63.16391428451418
2026-05-19 07:10:00,64.76166163749497
2026-05-19 07:15:00,59.04618298193284
2026-05-19 07:20:00,58.354981789413586
2026-05-19 07:25:00,74.87168759757468
2026-05-19 07:30:00,71.77304294746413
2026-05-19 07:35:00,62.47680891886156
2026-05-19 07:40:00,61.210668702028535
2026-05-19 07:45:00,65.0222700717254
2026-05-19 07:50:00,60.18931754609351
2026-05-19 07:55:00,72.34859924483288
2026-05-19 08:00:00,57.826932880699836
2026-05-19 08:05:00,56.620016451618426
2026-05-19 08:10:00,60.06522822567523
2026-05-19 08:15:00,57.42062406899399
2026-05-19 08:20:00,56.45401335248968
2026-05-19 08:25:00,71.4750310380211
2026-05-19 08:30:00,68.78941395709604
2026-05-19 08:35:00,60.25252803081882
2026-05-19 08:40:00,61.78281014066527
2026-05-19 08:45:00,65.75733344421091
2026-05-19 08:50:00,66.17344745148218
2026-05-19 08:55:00,80.15200956190294
2026-05-19 09:00:00,80.21875579159
2026-05-19 09:05:00,79.12797012196081
2026-05-19 09:10:00,78.63337168163295
2026-05-19 09:15:00,67.78108649337904
2026-05-19 09:20:00,65.20614975933266
2026-05-19 09:25:00,70.85972784711703
2026-05-19 09:30:00,68.98867833323831
2026-05-19 09:35:00,63.676816029758335
2026-05-19 09:40:00,68.84361613197979
2026-05-19 09:45:00,66.87576519213039
2026-05-19 09:50:00,61.390714964145424
2026-05-19 09:55:00,64.83269055304345
2026-05-19 10:00:00,62.51638078841923
2026-05-19 10:05:00,57.496694800586546
2026-05-19 10:10:00,61.436100476829445
2026-05-19 10:15:00,53.02709548515083
2026-05-19 10:20:00,51.033418153826105
2026-05-19 10:25:00,65.70453743621123
2026-05-19 10:30:00,67.55412559058104
2026-05-19 10:35:00,61.12268272595455
2026-05-19 10:40:00,62.12218412905477
2026-05-19 10:45:00,58.22376476256922
2026-05-19 10:50:00,55.79801168183094
2026-05-19 10:55:00,61.53697772149192
2026-05-19 11:00:00,62.09133726674686
2026-05-19 11:05:00,59.393132449942875
2026-05-19 11:10:00,59.47896559327823
2026-05-19 11:15:00,54.186358658656374
2026-05-19 11:20:00,52.03004561450793
2026-05-19 11:25:00,66.76770532078051
2026-05-19 11:30:00,59.24469997956506
2026-05-19 11:35:00,57.82097555384734
2026-05-19 11:40:00,63.20563518027239
2026-05-19 11:45:00,54.43572530965739
2026-05-19 11:50:00,52.94145333287019
2026-05-19 11:55:00,54.41523429304754
2026-05-19 12:00:00,52.69337744348308
2026-05-19 12:05:00,53.35553175202473
2026-05-19 12:10:00,50.99554204151784
2026-05-19 12:15:00,50.45646232167829
2026-05-19 12:20:00,48.31251208935854
2026-05-19 12:25:00,57.72489134307456
2026-05-19 12:30:00,57.07132566515729
2026-05-19 12:35:00,55.24403734457473
2026-05-19 12:40:00,49.958797915920336
2026-05-19 12:45:00,50.82197467120715
2026-05-19 12:50:00,50.34326231403444
2026-05-19 12:55:00,54.67141515216125
2026-05-19 13:00:00,48.8848405184957
2026-05-19 13:05:00,54.811943887111305
2026-05-19 13:10:00,49.8308564141097
2026-05-19 13:15:00,48.159579954265695
2026-05-19 13:20:00,58.621747204482396
2026-05-19 13:25:00,86.63238580116702
2026-05-19 13:30:00,100.0
2026-05-19 13:35:00,86.97521977994631
2026-05-19 13:40:00,60.41979465224633
2026-05-19 13:45:00,46.338928966178024
2026-05-19 13:50:00,45.12671939371947
2026-05-19 13:55:00,49.603867559031094
2026-05-19 14:00:00,45.36739275127396
2026-05-19 14:05:00,39.94120019192337
2026-05-19 14:10:00,40.731944581265644
2026-05-19 14:15:00,38.956015541603314
2026-05-19 14:20:00,33.737575030113376
2026-05-19 14:25:00,53.593469745020094
2026-05-19 14:30:00,43.193840069184844
2026-05-19 14:35:00,35.7381402646601
2026-05-19 14:40:00,41.182955386774836
2026-05-19 14:45:00,41.658275122716084
2026-05-19 14:50:00,42.39864012478856
2026-05-19 14:55:00,48.205479138767
2026-05-19 15:00:00,45.40860576748424
2026-05-19 15:05:00,44.08361777941875
2026-05-19 15:10:00,45.590125487216255
2026-05-19 15:15:00,42.05315150664953
2026-05-19 15:20:00,37.47017559066716
2026-05-19 15:25:00,47.04377426027254
2026-05-19 15:30:00,40.59681607986637
2026-05-19 15:35:00,39.00796541652793
2026-05-19 15:40:00,42.34725817650054
2026-05-19 15:45:00,50.61189793946432
2026-05-19 15:50:00,45.23497062030613
2026-05-19 15:55:00,43.23954032987444
2026-05-19 16:00:00,38.901618128504516
2026-05-19 16:05:00,37.95841659980615
2026-05-19 16:10:00,38.92101686825305
2026-05-19 16:15:00,34.29618355703211
2026-05-19 16:20:00,35.27964045068588
2026-05-19 16:25:00,42.54024483412583
2026-05-19 16:30:00,35.15279878402671
2026-05-19 16:35:00,34.32674607421024
2026-05-19 16:40:00,40.979883393767494
2026-05-19 16:45:00,39.619243208602064
2026-05-19 16:50:00,37.01199050051148
2026-05-19 16:55:00,42.40066824273991
2026-05-19 17:00:00,40.41906795983133
2026-05-19 17:05:00,40.16921069001264
2026-05-19 17:10:00,38.062121448976725
2026-05-19 17:15:00,31.22680631552984
2026-05-19 17:20:00,29.598374965915593
2026-05-19 17:25:00,43.000506357182985
2026-05-19 17:30:00,37.23945875112308
2026-05-19 17:35:00,35.32812921828736
2026-05-19 17:40:00,37.028762830866164
2026-05-19 17:45:00,36.72199123337703
2026-05-19 17:50:00,31.756493317801514
2026-05-19 17:55:00,38.07500873458979
2026-05-19 18:00:00,36.11773168462166
2026-05-19 18:05:00,33.77338903273305
2026-05-19 18:10:00,31.884082697971355
2026-05-19 18:15:00,25.11161670875382
2026-05-19 18:20:00,23.489071076258433
2026-05-19 18:25:00,32.6146382357728
2026-05-19 18:30:00,24.573232945336205
2026-05-19 18:35:00,24.096896054407843
2026-05-19 18:40:00,29.063926285048346
2026-05-19 18:45:00,28.83805129028983
2026-05-19 18:50:00,29.339337612340067
2026-05-19 18:55:00,31.327868069844794
2026-05-19 19:00:00,26.927196342298753
2026-05-19 19:05:00,25.734947506846645
2026-05-19 19:10:00,27.917638001950106
2026-05-19 19:15:00,43.29486110892322
2026-05-19 19:20:00,45.998718781325294
2026-05-19 19:25:00,40.449925757507
2026-05-19 19:30:00,31.4272307649578
2026-05-19 19:35:00,27.21741749082368
2026-05-19 19:40:00,27.255555327467963
2026-05-19 19:45:00,25.671338726554644
2026-05-19 19:50:00,24.55830165410224
2026-05-19 19:55:00,28.868633075674815
2026-05-19 20:00:00,26.67327798652338
2026-05-19 20:05:00,26.73487299579062
2026-05-19 20:10:00,26.296767759772404
2026-05-19 20:15:00,23.742620607159118
2026-05-19 20:20:00,21.064690301599867
2026-05-19 20:25:00,33.14450947533818
2026-05-19 20:30:00,32.44404421070064
2026-05-19 20:35:00,38.74543397460745
2026-05-19 20:40:00,36.99425574367337
2026-05-19 20:45:00,36.59270166021349
2026-05-19 20:50:00,39.47420739649277
2026-05-19 20:55:00,40.194230034164576
2026-05-19 21:00:00,41.960239166469385
2026-05-19 21:05:00,42.71119526689443
2026-05-19 21:10:00,47.56581292282886
2026-05-19 21:15:00,37.914314769828316
2026-05-19 21:20:00,30.236141895500886
2026-05-19 21:25:00,37.66316234981033
2026-05-19 21:30:00,31.501140201208987
2026-05-19 21:35:00,30.92780687285414
2026-05-19 21:40:00,34.21778209698238
2026-05-19 21:45:00,32.23931459059878
2026-05-19 21:50:00,24.229854830712487
2026-05-19 21:55:00,26.625992264599574
2026-05-19 22:00:00,24.537113588837133
2026-05-19 22:05:00,23.366158048217546
2026-05-19 22:10:00,21.74357262446428
2026-05-19 22:15:00,19.491699257737313
2026-05-19 22:20:00,16.99895737609177
2026-05-19 22:25:00,28.312730345159963
2026-05-19 22:30:00,25.56560759316117
2026-05-19 22:35:00,22.352802634209596
2026-05-19 22:40:00,27.1281555174714
2026-05-19 22:45:00,29.196399940884117
2026-05-19 22:50:00,24.943296109105443
2026-05-19 22:55:00,26.572632301258032
2026-05-19 23:00:00,24.754348150020125
2026-05-19 23:05:00,22.281750655534626
2026-05-19 23:10:00,19.672092040966206
2026-05-19 23:15:00,13.64788002273725
2026-05-19 23:20:00,11.823387680234482
2026-05-19 23:25:00,23.962874563599904
2026-05-19 23:30:00,17.618782929742867
2026-05-19 23:35:00,15.302050723089069
2026-05-19 23:40:00,15.431685545045603
2026-05-19 23:45:00,16.681275440836263
2026-05-19 23:50:00,14.377352082752134
2026-05-19 23:55:00,18.615166663981498
2026-05-20 00:00:00,15.545157912518185
2026-05-20 00:05:00,14.8808492968521
2026-05-20 00:10:00,15.296130520452003
2026-05-20 00:15:00,11.006732754383549
2026-05-20 00:20:00,11.069934343147327
2026-05-20 00:25:00,23.113948228955085
2026-05-20 00:30:00,16.324514859626568
2026-05-20 00:35:00,16.911441344739515
2026-05-20 00:40:00,15.543328688602564
2026-05-20 00:45:00,15.99075618746284
2026-05-20 00:50:00,13.035409803696869
2026-05-20 00:55:00,17.399017299687337
2026-05-20 01:00:00,15.879300100203578
2026-05-20 01:05:00,18.953180990993946
2026-05-20 01:10:00,21.632887852847517
2026-05-20 01:15:00,15.080862775614031
2026-05-20 01:20:00,15.061731842048772
2026-05-20 01:25:00,26.34551645682884
2026-05-20 01:30:00,21.902951947077927
2026-05-20 01:35:00,16.756035457697575
2026-05-20 01:40:00,17.789652268676274
2026-05-20 01:45:00,17.13517250131303
2026-05-20 01:50:00,15.8123290876513
2026-05-20 01:55:00,26.989085268420933
2026-05-20 02:00:00,27.963193850866485
2026-05-20 02:05:00,24.30401931537989
2026-05-20 02:10:00,24.92685606063873
2026-05-20 02:15:00,17.014768118244298
2026-05-20 02:20:00,17.683200614718235
2026-05-20 02:25:00,29.216740655140587
2026-05-20 02:30:00,20.863102765644456
2026-05-20 02:35:00,21.994873707291283
2026-05-20 02:40:00,26.55737317654618
2026-05-20 02:45:00,28.068420958199034
2026-05-20 02:50:00,31.251353296417644
2026-05-20 02:55:00,34.97419650351181
2026-05-20 03:00:00,31.45176481942018
2026-05-20 03:05:00,30.316755273698064
2026-05-20 03:10:00,29.26067584599284
2026-05-20 03:15:00,26.715267773099207
2026-05-20 03:20:00,28.943972658552525
2026-05-20 03:25:00,42.580638757491016
2026-05-20 03:30:00,35.24796808554665
2026-05-20 03:35:00,34.432456191711935
2026-05-20 03:40:00,41.96832126761454
2026-05-20 03:45:00,45.161918721579134
2026-05-20 03:50:00,43.14581552326822
2026-05-20 03:55:00,51.80646145311959
2026-05-20 04:00:00,46.09310464155222
2026-05-20 04:05:00,46.7016609248675
2026-05-20 04:10:00,50.38089388982586
2026-05-20 04:15:00,46.77202506278446
2026-05-20 04:20:00,47.708655710977425
2026-05-20 04:25:00,58.95756083355853
2026-05-20 04:30:00,51.8385091957284
2026-05-20 04:35:00,55.61978894976335
2026-05-20 04:40:00,57.158481099574466
2026-05-20 04:45:00,52.47998198661422
2026-05-20 04:50:00,49.44699673026619
2026-05-20 04:55:00,54.53357203839222
2026-05-20 05:00:00,51.24160047748541
2026-05-20 05:05:00,50.55060009797365
2026-05-20 05:10:00,51.63980764283787
2026-05-20 05:15:00,46.3904989325046
2026-05-20 05:20:00,49.138742341884196
2026-05-20 05:25:00,69.94724262240102
2026-05-20 05:30:00,59.08922730203998
2026-05-20 05:35:00,54.23034463759786
2026-05-20 05:40:00,55.31044592166793
2026-05-20 05:45:00,56.856964116378094
2026-05-20 05:50:00,54.48350709586956
2026-05-20 05:55:00,58.95833687482119
2026-05-20 06:00:00,61.13255434375652
2026-05-20 06:05:00,62.14663394380108
2026-05-20 06:10:00,66.08849586949236
2026-05-20 06:15:00,59.134717147109086
2026-05-20 06:20:00,60.78858221860569
2026-05-20 06:25:00,70.1727230535745
2026-05-20 06:30:00,62.808992419167
2026-05-20 06:35:00,56.43241542722055
2026-05-20 06:40:00,59.436458650304814
2026-05-20 06:45:00,58.42246145863588
2026-05-20 06:50:00,58.77046147969538
2026-05-20 06:55:00,63.8503654618375
2026-05-20 07:00:00,60.20424033361231
2026-05-20 07:05:00,60.37552778984969
2026-05-20 07:10:00,66.03839435890696
2026-05-20 07:15:00,65.27371131402904
2026-05-20 07:20:00,61.28743972137026
2026-05-20 07:25:00,70.68695987414682
2026-05-20 07:30:00,67.36884096639277
2026-05-20 07:35:00,65.7188345121545
2026-05-20 07:40:00,67.91157739874828
2026-05-20 07:45:00,69.28445196501612
2026-05-20 07:50:00,66.78238711696221
2026-05-20 07:55:00,69.27070955056134
2026-05-20 08:00:00,67.20792419009474
2026-05-20 08:05:00,68.67821513599537
2026-05-20 08:10:00,72.77642574978846
2026-05-20 08:15:00,70.20440254797299
2026-05-20 08:20:00,65.51639573099754
2026-05-20 08:25:00,75.29197506138985
2026-05-20 08:30:00,71.8937183862907
2026-05-20 08:35:00,68.76261806614461
2026-05-20 08:40:00,68.93894642808857
2026-05-20 08:45:00,70.884184789435
2026-05-20 08:50:00,69.30220156839466
2026-05-20 08:55:00,70.91326410905002
2026-05-20 09:00:00,68.6937873975717
2026-05-20 09:05:00,70.11890690651607
2026-05-20 09:10:00,66.93077031954024
2026-05-20 09:15:00,61.25069209404575
2026-05-20 09:20:00,58.82954324857983
2026-05-20 09:25:00,72.97451915284037
2026-05-20 09:30:00,66.48435123326809
2026-05-20 09:35:00,65.00566468440931
2026-05-20 09:40:00,63.30765900813722
2026-05-20 09:45:00,61.3343637725252
2026-05-20 09:50:00,58.42341919043429
2026-05-20 09:55:00,64.70404273777271
2026-05-20 10:00:00,67.20855177255687
2026-05-20 10:05:00,81.03935533547993
2026-05-20 10:10:00,86.5223674337693
2026-05-20 10:15:00,68.33027910947959
2026-05-20 10:20:00,63.95621966610665
2026-05-20 10:25:00,78.19839772157573
2026-05-20 10:30:00,84.78806168380638
2026-05-20 10:35:00,64.52523277695329
2026-05-20 10:40:00,66.00893619994493
2026-05-20 10:45:00,61.98300960249289
2026-05-20 10:50:00,67.58607787006723
2026-05-20 10:55:00,70.68360188864746
2026-05-20 11:00:00,66.06159907328724
2026-05-20 11:05:00,68.84817450609549
2026-05-20 11:10:00,67.35325192964186
2026-05-20 11:15:00,58.56323496098352
2026-05-20 11:20:00,53.90829202165675
2026-05-20 11:25:00,69.0488469241238
2026-05-20 11:30:00,64.59855421154096
2026-05-20 11:35:00,63.93550884509801
2026-05-20 11:40:00,61.7650130914453
2026-05-20 11:45:00,56.761908930983985
2026-05-20 11:50:00,57.090858103207054
2026-05-20 11:55:00,67.69558612467092
2026-05-20 12:00:00,58.09555765522967
2026-05-20 12:05:00,58.30900961951511
2026-05-20 12:10:00,55.614803154106355
2026-05-20 12:15:00,51.40673091287068
2026-05-20 12:20:00,50.23819094373941
2026-05-20 12:25:00,60.90193894347752
2026-05-20 12:30:00,59.41429188597617
2026-05-20 12:35:00,59.840769781539635
2026-05-20 12:40:00,53.154806687608804
2026-05-20 12:45:00,51.247494115064974
2026-05-20 12:50:00,50.92087084296652
2026-05-20 12:55:00,58.34217842868955
2026-05-20 13:00:00,51.223221104493845
2026-05-20 13:05:00,50.86913125487166
2026-05-20 13:10:00,52.91809462223753
2026-05-20 13:15:00,48.7402468931162
2026-05-20 13:20:00,46.531267587189234
2026-05-20 13:25:00,57.08293056330308
2026-05-20 13:30:00,55.729376120324694
2026-05-20 13:35:00,51.4630535065148
2026-05-20 13:40:00,49.28336974373566
2026-05-20 13:45:00,45.83175007757095
2026-05-20 13:50:00,45.84441385581925
2026-05-20 13:55:00,53.36143118995048
2026-05-20 14:00:00,50.24466364611227
2026-05-20 14:05:00,51.24112527714646
2026-05-20 14:10:00,51.56519579968206
2026-05-20 14:15:00,48.74438048289185
2026-05-20 14:20:00,47.28447490095234
2026-05-20 14:25:00,65.09985799997312
2026-05-20 14:30:00,64.27273405613789
2026-05-20 14:35:00,60.627281976127264
2026-05-20 14:40:00,57.76541086702791
2026-05-20 14:45:00,57.408623377027304
2026-05-20 14:50:00,58.20689109522801
2026-05-20 14:55:00,62.83405903762473
2026-05-20 15:00:00,59.65767873732318
2026-05-20 15:05:00,59.90851053276947
2026-05-20 15:10:00,57.546250885926206
2026-05-20 15:15:00,52.5654282294154
2026-05-20 15:20:00,43.44903261737591
2026-05-20 15:25:00,54.05736665944766
2026-05-20 15:30:00,50.15090783262072
2026-05-20 15:35:00,48.409675079269824
2026-05-20 15:40:00,48.76058195661474
2026-05-20 15:45:00,48.20857971255052
2026-05-20 15:50:00,46.349054436014356
2026-05-20 15:55:00,55.24301681232272
2026-05-20 16:00:00,50.46743107271917
2026-05-20 16:05:00,49.19735079719821
2026-05-20 16:10:00,49.0283562992159
2026-05-20 16:15:00,44.84959433817996
2026-05-20 16:20:00,41.45445878702772
2026-05-20 16:25:00,57.01661329087359
2026-05-20 16:30:00,47.82896499949872
2026-05-20 16:35:00,53.44739530002658
2026-05-20 16:40:00,49.01664593253599
2026-05-20 16:45:00,49.130193563243736
2026-05-20 16:50:00,45.00554957343654
2026-05-20 16:55:00,50.994562391323214
2026-05-20 17:00:00,52.69593993078635
2026-05-20 17:05:00,48.661261109470516
2026-05-20 17:10:00,50.361821547065965
2026-05-20 17:15:00,45.315719092701435
2026-05-20 17:20:00,37.84195478916905
2026-05-20 17:25:00,58.401643302556884
2026-05-20 17:30:00,40.73422389251286
2026-05-20 17:35:00,42.91577419233518
2026-05-20 17:40:00,42.10575655423712
2026-05-20 17:45:00,44.60803634268689
2026-05-20 17:50:00,34.66597854096071
2026-05-20 17:55:00,37.55400127621393
2026-05-20 18:00:00,31.516161567927647
2026-05-20 18:05:00,30.792989882266475
2026-05-20 18:10:00,31.314485431939094
2026-05-20 18:15:00,29.478690802698715
2026-05-20 18:20:00,28.888573588859128
2026-05-20 18:25:00,37.13722507535463
2026-05-20 18:30:00,31.378293592195728
2026-05-20 18:35:00,29.460034598266695
2026-05-20 18:40:00,37.36943347944447
2026-05-20 18:45:00,34.4825256036203
2026-05-20 18:50:00,29.994708580131007
2026-05-20 18:55:00,32.08226958509768
2026-05-20 19:00:00,27.515215715250758
2026-05-20 19:05:00,27.063634847314777
2026-05-20 19:10:00,28.180373858131958
2026-05-20 19:15:00,23.048616450898944
2026-05-20 19:20:00,21.191909050165684
2026-05-20 19:25:00,30.871797454705007
2026-05-20 19:30:00,24.701563428243084
2026-05-20 19:35:00,25.55734605122938
2026-05-20 19:40:00,28.841379852479403
2026-05-20 19:45:00,26.253935578782027
2026-05-20 19:50:00,24.842305481670852
2026-05-20 19:55:00,29.2815247424469
2026-05-20 20:00:00,23.447141050706758
2026-05-20 20:05:00,24.035990235752596
2026-05-20 20:10:00,25.208440198023435
2026-05-20 20:15:00,20.21307272924318
2026-05-20 20:20:00,20.809847270079185
2026-05-20 20:25:00,28.91183582076397
2026-05-20 20:30:00,30.455238279498392
2026-05-20 20:35:00,33.39222736034335
2026-05-20 20:40:00,36.03875659299345
2026-05-20 20:45:00,33.819658448940245
2026-05-20 20:50:00,35.67729329904579
2026-05-20 20:55:00,39.20640933602636
2026-05-20 21:00:00,33.129041632371035
2026-05-20 21:05:00,36.13367653457076
2026-05-20 21:10:00,31.92056550215337
2026-05-20 21:15:00,30.63881751322611
2026-05-20 21:20:00,23.710470741652205
2026-05-20 21:25:00,34.864394054683295
2026-05-20 21:30:00,29.529192132069443
2026-05-20 21:35:00,29.525787578876695
2026-05-20 21:40:00,33.44519062705871
2026-05-20 21:45:00,30.826583829725962
2026-05-20 21:50:00,22.505699450128272
2026-05-20 21:55:00,25.334453195810962
2026-05-20 22:00:00,19.89539909107439
2026-05-20 22:05:00,18.946008384930735
2026-05-20 22:10:00,19.488429598599026
2026-05-20 22:15:00,12.567716403902066
2026-05-20 22:20:00,12.300028001733459
2026-05-20 22:25:00,20.303790432847904
2026-05-20 22:30:00,13.38613628238417
2026-05-20 22:35:00,16.126741991626695
2026-05-20 22:40:00,16.778484590604887
2026-05-20 22:45:00,16.382847020447045
2026-05-20 22:50:00,13.05391471573396
2026-05-20 22:55:00,19.066487189280494
2026-05-20 23:00:00,17.273272282294453
2026-05-20 23:05:00,15.21127065999512
2026-05-20 23:10:00,17.561377921583492
2026-05-20 23:15:00,12.96068459498764
2026-05-20 23:20:00,10.492981711602328
2026-05-20 23:25:00,24.395708527655685
2026-05-20 23:30:00,13.664611596342194
2026-05-20 23:35:00,10.676672867791217
2026-05-20 23:40:00,16.10108475045111
2026-05-20 23:45:00,14.128776801628739
2026-05-20 23:50:00,10.828090174428231
2026-05-20 23:55:00,15.52744323684932
2026-05-21 00:00:00,13.423452942428465
2026-05-21 00:05:00,16.232016627381242
2026-05-21 00:10:00,17.715516117361478
2026-05-21 00:15:00,14.69120989720282
2026-05-21 00:20:00,6.40441207026738
2026-05-21 00:25:00,16.818703131232848
2026-05-21 00:30:00,7.677663798112165
2026-05-21 00:35:00,2.6179687334809083
2026-05-21 00:40:00,10.152326297307814
2026-05-21 00:45:00,9.290348043592026
2026-05-21 00:50:00,7.001736931492789
2026-05-21 00:55:00,12.683437879678273
2026-05-21 01:00:00,10.952009882871643
2026-05-21 01:05:00,7.800472899614723
2026-05-21 01:10:00,8.470226949405616
2026-05-21 01:15:00,2.759419340464624
2026-05-21 01:20:00,0.0
2026-05-21 01:25:00,11.835400780374478
2026-05-21 01:30:00,8.014086125344754
2026-05-21 01:35:00,5.4365195182539905
2026-05-21 01:40:00,9.789492075049735
2026-05-21 01:45:00,10.87779620510967
2026-05-21 01:50:00,10.401124076069387
2026-05-21 01:55:00,17.668534798414743
2026-05-21 02:00:00,14.66081915506217
2026-05-21 02:05:00,15.68723469223891
2026-05-21 02:10:00,21.42688931270766
2026-05-21 02:15:00,17.48403376261244
2026-05-21 02:20:00,15.455001364359964
2026-05-21 02:25:00,26.03136372477334
2026-05-21 02:30:00,19.64614330854899
2026-05-21 02:35:00,21.11700510008542
2026-05-21 02:40:00,22.191764328392622
2026-05-21 02:45:00,22.537913451428054
2026-05-21 02:50:00,20.02534341401936
2026-05-21 02:55:00,25.202944071132794
2026-05-21 03:00:00,24.44751637081909
2026-05-21 03:05:00,26.43331361381154
2026-05-21 03:10:00,28.265731821837992
2026-05-21 03:15:00,26.89666739831098
2026-05-21 03:20:00,25.19410462944625
2026-05-21 03:25:00,36.47529380350997
2026-05-21 03:30:00,34.49149293806689
2026-05-21 03:35:00,28.33089547236304
2026-05-21 03:40:00,34.27623224157495
2026-05-21 03:45:00,35.834180777128005
2026-05-21 03:50:00,31.863672197950287
2026-05-21 03:55:00,39.517840692308596
2026-05-21 04:00:00,37.9514019587513
2026-05-21 04:05:00,36.865690398367654
2026-05-21 04:10:00,32.537604601185144
2026-05-21 04:15:00,30.72480246837006
2026-05-21 04:20:00,34.56076566311748
2026-05-21 04:25:00,49.2574400642676
2026-05-21 04:30:00,47.741209271608675
2026-05-21 04:35:00,47.797299958949715
2026-05-21 04:40:00,48.38818061129555
2026-05-21 04:45:00,47.61401815619474
2026-05-21 04:50:00,45.377275619696874
2026-05-21 04:55:00,53.494048894280546
2026-05-21 05:00:00,52.30681101585783
2026-05-21 05:05:00,48.681728645706094
2026-05-21 05:10:00,48.237618319433814
2026-05-21 05:15:00,43.86549852644959
2026-05-21 05:20:00,43.02254852152798
2026-05-21 05:25:00,58.82949283560502
2026-05-21 05:30:00,48.9199916827218
2026-05-21 05:35:00,48.46785420828685
2026-05-21 05:40:00,49.276921476119604
2026-05-21 05:45:00,44.984697520735246
2026-05-21 05:50:00,45.78200934765496
2026-05-21 05:55:00,52.502567781695994
2026-05-21 06:00:00,47.01796476921088
2026-05-21 06:05:00,48.472608313012266
2026-05-21 06:10:00,49.00267443057569
2026-05-21 06:15:00,45.333593482061794
2026-05-21 06:20:00,45.2085352302563
2026-05-21 06:25:00,59.600627806961484
2026-05-21 06:30:00,51.41062345295809
2026-05-21 06:35:00,50.76475489286941
2026-05-21 06:40:00,54.21358173068812
2026-05-21 06:45:00,55.59536299278401
2026-05-21 06:50:00,53.97946976884342
2026-05-21 06:55:00,55.930163118421206
2026-05-21 07:00:00,51.69378193799906
2026-05-21 07:05:00,55.33474770494805
2026-05-21 07:10:00,54.919391631303505
2026-05-21 07:15:00,55.06214877734025
2026-05-21 07:20:00,50.46553506946022
2026-05-21 07:25:00,62.10715885612108
2026-05-21 07:30:00,57.99818586754465
2026-05-21 07:35:00,56.634164785327734
2026-05-21 07:40:00,57.73749527280291
2026-05-21 07:45:00,56.571041179380174
2026-05-21 07:50:00,51.66639525482729
2026-05-21 07:55:00,59.872189846147336
2026-05-21 08:00:00,54.893580873105144
2026-05-21 08:05:00,54.308432771307324
2026-05-21 08:10:00,57.60872991333619
2026-05-21 08:15:00,56.74690944241857
2026-05-21 08:20:00,57.0757008302188
2026-05-21 08:25:00,71.70750070997866
2026-05-21 08:30:00,67.71534467297994
2026-05-21 08:35:00,66.83337071970043
2026-05-21 08:40:00,65.00679014795703
2026-05-21 08:45:00,62.22308213371049
2026-05-21 08:50:00,64.26137606175831
2026-05-21 08:55:00,67.33139136305901
2026-05-21 09:00:00,67.82284724974039
2026-05-21 09:05:00,67.40462684510553
2026-05-21 09:10:00,75.01686670375447
2026-05-21 09:15:00,72.03782865437147
2026-05-21 09:20:00,59.7433773953798
2026-05-21 09:25:00,66.93403045478259
2026-05-21 09:30:00,61.362312654235915
2026-05-21 09:35:00,56.40185903288698
2026-05-21 09:40:00,56.020367273988946
2026-05-21 09:45:00,52.987831542782224
2026-05-21 09:50:00,52.13543372736187
2026-05-21 09:55:00,58.179169423629126
2026-05-21 10:00:00,56.598708566931535
2026-05-21 10:05:00,55.48684686581083
2026-05-21 10:10:00,59.09792895276985
2026-05-21 10:15:00,57.44156939538067
2026-05-21 10:20:00,55.188911587244526
2026-05-21 10:25:00,65.4308641051132
2026-05-21 10:30:00,62.374764277331685
2026-05-21 10:35:00,63.10770972166665
2026-05-21 10:40:00,63.34191931419204
2026-05-21 10:45:00,65.42018912957904
2026-05-21 10:50:00,65.39912944365649
2026-05-21 10:55:00,67.43111199122505
2026-05-21 11:00:00,62.525594908702075
2026-05-21 11:05:00,61.20941391573237
2026-05-21 11:10:00,58.4417694054666
2026-05-21 11:15:00,55.11390867056577
2026-05-21 11:20:00,53.87838841736534
2026-05-21 11:25:00,63.84112955057385
2026-05-21 11:30:00,57.34508255832351
2026-05-21 11:35:00,57.44282283819617
2026-05-21 11:40:00,54.005011783393144
2026-05-21 11:45:00,49.15443859888381
2026-05-21 11:50:00,50.83058156326905
2026-05-21 11:55:00,57.746911381676384
2026-05-21 12:00:00,53.94596535745182
2026-05-21 12:05:00,50.14097284086338
2026-05-21 12:10:00,52.51839827905178
2026-05-21 12:15:00,50.56795621209575
2026-05-21 12:20:00,50.37056583529943
2026-05-21 12:25:00,60.92860835159208
2026-05-21 12:30:00,54.0752398834501
2026-05-21 12:35:00,53.05892273021622
2026-05-21 12:40:00,51.38019282977467
2026-05-21 12:45:00,51.463817155582404
2026-05-21 12:50:00,49.69267273883438
2026-05-21 12:55:00,53.241325697004505
2026-05-21 13:00:00,54.8073646398832
2026-05-21 13:05:00,57.11223688144521
2026-05-21 13:10:00,58.370976684721896
2026-05-21 13:15:00,54.212735201371174
2026-05-21 13:20:00,51.58825151851645
2026-05-21 13:25:00,61.31110223757403
2026-05-21 13:30:00,48.52431531653964
2026-05-21 13:35:00,47.052071068445414
2026-05-21 13:40:00,49.26030875236537
2026-05-21 13:45:00,43.76751448373409
2026-05-21 13:50:00,40.41057293429908
2026-05-21 13:55:00,47.14017015691168
2026-05-21 14:00:00,42.83093980639527
2026-05-21 14:05:00,38.66783879395576
2026-05-21 14:10:00,47.02519838572962
2026-05-21 14:15:00,44.950081463899046
2026-05-21 14:20:00,42.86866859797194
2026-05-21 14:25:00,67.22824883243089
2026-05-21 14:30:00,52.65125966418912
2026-05-21 14:35:00,52.71871767325471
2026-05-21 14:40:00,50.62171049615283
2026-05-21 14:45:00,49.74484137769773
2026-05-21 14:50:00,44.83022918129044
2026-05-21 14:55:00,60.4641063566001
2026-05-21 15:00:00,72.71757743277199
2026-05-21 15:05:00,69.21750872688686
2026-05-21 15:10:00,57.171815109587484
2026-05-21 15:15:00,42.13488878672693
2026-05-21 15:20:00,39.751631913304536
2026-05-21 15:25:00,49.54910976809764
2026-05-21 15:30:00,42.99378353482483
2026-05-21 15:35:00,42.79969976356475
2026-05-21 15:40:00,42.68779171022858
2026-05-21 15:45:00,43.822721476133914
2026-05-21 15:50:00,40.56875338489287
2026-05-21 15:55:00,42.95653011208311
2026-05-21 16:00:00,39.52122292902308
2026-05-21 16:05:00,40.80790290634428
2026-05-21 16:10:00,44.997052062625166
2026-05-21 16:15:00,39.02437525628642
2026-05-21 16:20:00,36.88452263875864
2026-05-21 16:25:00,46.08590533078271
2026-05-21 16:30:00,42.452580824933925
2026-05-21 16:35:00,38.505309768924114
2026-05-21 16:40:00,42.27775800243007
2026-05-21 16:45:00,40.926091551026694
2026-05-21 16:50:00,38.2519555495261
2026-05-21 16:55:00,41.50310789924738
2026-05-21 17:00:00,38.88911040977614
2026-05-21 17:05:00,37.91123021608777
2026-05-21 17:10:00,36.001265746584274
2026-05-21 17:15:00,34.072319100454095
2026-05-21 17:20:00,31.690004292869883
2026-05-21 17:25:00,50.23622420852555
2026-05-21 17:30:00,42.312905539384396
2026-05-21 17:35:00,38.438707026683076
2026-05-21 17:40:00,40.81626126205482
2026-05-21 17:45:00,36.91039796719572
2026-05-21 17:50:00,33.41242942922852
2026-05-21 17:55:00,34.56028857989311
2026-05-21 18:00:00,30.2984883469731
2026-05-21 18:05:00,33.09129863122177
2026-05-21 18:10:00,31.96761500028477
2026-05-21 18:15:00,27.48595860124073
2026-05-21 18:20:00,26.320282683117302
2026-05-21 18:25:00,38.450051557839934
2026-05-21 18:30:00,34.70373407569293
2026-05-21 18:35:00,34.47112230460757
2026-05-21 18:40:00,31.641772567801617
2026-05-21 18:45:00,30.728478772199775
2026-05-21 18:50:00,30.66445490212823
2026-05-21 18:55:00,34.80307127421714
2026-05-21 19:00:00,30.852531489736446
2026-05-21 19:05:00,28.095828818488254
2026-05-21 19:10:00,29.13489681638297
2026-05-21 19:15:00,23.255751410801405
2026-05-21 19:20:00,21.28697945986275
2026-05-21 19:25:00,30.595362961916063
2026-05-21 19:30:00,27.095515755938614
2026-05-21 19:35:00,29.615707076210324
2026-05-21 19:40:00,29.614805168679453
2026-05-21 19:45:00,24.545943458149434
2026-05-21 19:50:00,25.343286451293327
2026-05-21 19:55:00,30.489255545242234
2026-05-21 20:00:00,27.887794272873435
2026-05-21 20:05:00,27.987063774474652
2026-05-21 20:10:00,29.82824977343616
2026-05-21 20:15:00,25.252335253643523
2026-05-21 20:20:00,24.070077923292853
2026-05-21 20:25:00,35.04164357516778
2026-05-21 20:30:00,36.91968587181142
2026-05-21 20:35:00,37.31597591036472
2026-05-21 20:40:00,39.40123147189073
2026-05-21 20:45:00,35.122439207316866
2026-05-21 20:50:00,37.61973612987449
2026-05-21 20:55:00,38.74830130008876
2026-05-21 21:00:00,36.81213294006668
2026-05-21 21:05:00,33.56578441087636
2026-05-21 21:10:00,35.88298635409208
2026-05-21 21:15:00,39.802213740106644
2026-05-21 21:20:00,38.364019159429134
2026-05-21 21:25:00,41.72305382640874
2026-05-21 21:30:00,36.71087933351099
2026-05-21 21:35:00,29.73350197719899
2026-05-21 21:40:00,34.754507308787545
2026-05-21 21:45:00,29.002827380123897
2026-05-21 21:50:00,24.250652075428906
2026-05-21 21:55:00,29.86896790260008
2026-05-21 22:00:00,26.680808606928007
2026-05-21 22:05:00,22.799984613020932
2026-05-21 22:10:00,25.355681593376318
2026-05-21 22:15:00,22.811622374736455
2026-05-21 22:20:00,22.800879108248527
2026-05-21 22:25:00,33.871242175058796
2026-05-21 22:30:00,28.268580112536306
2026-05-21 22:35:00,21.105899440979485
2026-05-21 22:40:00,25.21310718545646
2026-05-21 22:45:00,23.202857604551934
2026-05-21 22:50:00,19.774813807985645
2026-05-21 22:55:00,25.855172815925425
2026-05-21 23:00:00,27.136694055454214
2026-05-21 23:05:00,24.961144736828892
2026-05-21 23:10:00,25.8415992970296
2026-05-21 23:15:00,19.641335828050348
2026-05-21 23:20:00,14.130529512737514
2026-05-21 23:25:00,21.042001163994815
2026-05-21 23:30:00,13.907803154821963
2026-05-21 23:35:00,11.715956838759654
2026-05-21 23:40:00,15.121504746718514
2026-05-21 23:45:00,12.425386696306132
2026-05-21 23:50:00,13.577433035277492
2026-05-21 23:55:00,14.609788064865114
2026-05-22 00:00:00,9.763261490212269
2026-05-22 00:05:00,11.318212108190876
2026-05-22 00:10:00,13.89564928791151
2026-05-22 00:15:00,11.046893514456483
2026-05-22 00:20:00,12.195003922859001
2026-05-22 00:25:00,21.975353275995843
2026-05-22 00:30:00,11.356843824509943
2026-05-22 00:35:00,13.270429738396347
2026-05-22 00:40:00,17.41962892060155
2026-05-22 00:45:00,15.232877487776255
2026-05-22 00:50:00,11.610796386398068
2026-05-22 00:55:00,13.945487933875315
2026-05-22 01:00:00,14.425957221025362
2026-05-22 01:05:00,13.375170004165243
2026-05-22 01:10:00,13.329241224493268
2026-05-22 01:15:00,13.191963980364815
2026-05-22 01:20:00,9.523573244235298
2026-05-22 01:25:00,23.241658614019695
2026-05-22 01:30:00,19.814214034653958
2026-05-22 01:35:00,18.487969041466037
2026-05-22 01:40:00,23.237677835419074
2026-05-22 01:45:00,20.518290292058026
2026-05-22 01:50:00,24.90761047939305
2026-05-22 01:55:00,29.963381341539698
2026-05-22 02:00:00,26.80043855020806
2026-05-22 02:05:00,24.205418467644602
2026-05-22 02:10:00,27.401562889037795
2026-05-22 02:15:00,27.008063116411336
2026-05-22 02:20:00,29.902826686698052
2026-05-22 02:25:00,39.44872333568861
2026-05-22 02:30:00,32.96857614718518
2026-05-22 02:35:00,30.6765648249846
2026-05-22 02:40:00,33.8626974797123
2026-05-22 02:45:00,33.91780118715712
2026-05-22 02:50:00,34.041594435670255
2026-05-22 02:55:00,38.82931457442516
2026-05-22 03:00:00,38.98399025922048
2026-05-22 03:05:00,39.161120810484576
2026-05-22 03:10:00,39.626775733351195
2026-05-22 03:15:00,44.199070006067934
2026-05-22 03:20:00,42.57388519788448
2026-05-22 03:25:00,50.89048092070861
2026-05-22 03:30:00,45.71536371021279
2026-05-22 03:35:00,43.21489392403154
2026-05-22 03:40:00,46.075048533768
2026-05-22 03:45:00,46.38502517421664
2026-05-22 03:50:00,45.869076951314355
2026-05-22 03:55:00,50.50916411944109
2026-05-22 04:00:00,41.191297204639305
2026-05-22 04:05:00,46.463418903162676
2026-05-22 04:10:00,46.502453072555845
2026-05-22 04:15:00,41.83353889268874
2026-05-22 04:20:00,42.467128990643225
2026-05-22 04:25:00,55.87638331798704
2026-05-22 04:30:00,50.48619786614877
2026-05-22 04:35:00,53.37316665010555
2026-05-22 04:40:00,56.926388843591326
2026-05-22 04:45:00,52.15339919442796
2026-05-22 04:50:00,49.46573618079814
2026-05-22 04:55:00,64.4536272335792
2026-05-22 05:00:00,64.82712989258104
2026-05-22 05:05:00,58.91389305025311
2026-05-22 05:10:00,61.47273635618904
2026-05-22 05:15:00,56.570770117816814
2026-05-22 05:20:00,60.231929191420186
2026-05-22 05:25:00,78.63160409983978
2026-05-22 05:30:00,67.47227127841718
2026-05-22 05:35:00,60.3873660221687
2026-05-22 05:40:00,61.46591365749826
2026-05-22 05:45:00,60.892177085849006
2026-05-22 05:50:00,55.98003117018939
2026-05-22 05:55:00,64.36205157758008
2026-05-22 06:00:00,59.03865066801003
2026-05-22 06:05:00,55.84239091773554
2026-05-22 06:10:00,62.07322455021891
2026-05-22 06:15:00,60.20578546818025
2026-05-22 06:20:00,57.86008522120781
2026-05-22 06:25:00,75.08784589410875
2026-05-22 06:30:00,69.1784888769929
2026-05-22 06:35:00,67.66954975445233
2026-05-22 06:40:00,59.71396543905597
2026-05-22 06:45:00,56.6741731907626
2026-05-22 06:50:00,53.78299117358822
2026-05-22 06:55:00,60.859926817607956
2026-05-22 07:00:00,56.43357763878605
2026-05-22 07:05:00,56.41629058743126
2026-05-22 07:10:00,54.33236495023965
2026-05-22 07:15:00,56.77035656857582
2026-05-22 07:20:00,53.55928587750398
2026-05-22 07:25:00,62.72616057095425
2026-05-22 07:30:00,64.2084328125494
2026-05-22 07:35:00,65.73002167550099
2026-05-22 07:40:00,65.58422991781607
2026-05-22 07:45:00,63.17342908213105
2026-05-22 07:50:00,60.48937168727938
2026-05-22 07:55:00,64.32100261751576
2026-05-22 08:00:00,56.45703528750667
2026-05-22 08:05:00,54.93737140604941
2026-05-22 08:10:00,56.64856138406875
2026-05-22 08:15:00,63.270700781123814
2026-05-22 08:20:00,59.38294939651434
2026-05-22 08:25:00,73.67218166963309
2026-05-22 08:30:00,68.75655110329905
2026-05-22 08:35:00,65.56597961122822
2026-05-22 08:40:00,68.34651520394496
2026-05-22 08:45:00,70.91932081792889
2026-05-22 08:50:00,66.67275512344834
2026-05-22 08:55:00,69.81721839086806
2026-05-22 09:00:00,65.2784963901681
2026-05-22 09:05:00,63.28403778654713
2026-05-22 09:10:00,65.13142416356705
2026-05-22 09:15:00,63.80188816645468
2026-05-22 09:20:00,65.16547120430596
2026-05-22 09:25:00,78.3500054366056
2026-05-22 09:30:00,69.47209196625144
2026-05-22 09:35:00,66.84596085162237
2026-05-22 09:40:00,67.73449416959771
2026-05-22 09:45:00,64.64306390866102
2026-05-22 09:50:00,62.74050456658937
2026-05-22 09:55:00,67.72922764802888
2026-05-22 10:00:00,64.85007096334736
2026-05-22 10:05:00,59.38453815611271
2026-05-22 10:10:00,59.11148376352705
2026-05-22 10:15:00,52.32449255833939
2026-05-22 10:20:00,52.63277013936579
2026-05-22 10:25:00,55.810993120453944
2026-05-22 10:30:00,42.697530716088146
2026-05-22 10:35:00,35.908277244132385
2026-05-22 10:40:00,31.9194874797662
2026-05-22 10:45:00,25.117831336445086
2026-05-22 10:50:00,15.540017753765213
2026-05-22 10:55:00,15.460089647849157
2026-05-22 11:00:00,9.545142800929789
2026-05-22 11:05:00,15.780701381427589
2026-05-22 11:10:00,26.655149867444976
2026-05-22 11:15:00,40.08852385290994
2026-05-22 11:20:00,50.73401984579278
2026-05-22 11:25:00,64.49623250157647
2026-05-22 11:30:00,62.35571846009871
2026-05-22 11:35:00,59.696626231688086
2026-05-22 11:40:00,59.47866594521928
2026-05-22 11:45:00,54.61074900939007
2026-05-22 11:50:00,50.1891393875382
2026-05-22 11:55:00,54.9234803199082
2026-05-22 12:00:00,56.55219316645403
2026-05-22 12:05:00,59.00610166615563
2026-05-22 12:10:00,51.32444294468783
2026-05-22 12:15:00,48.81410584519823
2026-05-22 12:20:00,44.96510805754246
2026-05-22 12:25:00,54.00904313761983
2026-05-22 12:30:00,50.00828651460406
2026-05-22 12:35:00,48.18104227801003
2026-05-22 12:40:00,53.39380656070817
2026-05-22 12:45:00,56.44153349090972
2026-05-22 12:50:00,54.80739038383993
2026-05-22 12:55:00,60.001359775698226
2026-05-22 13:00:00,53.50877736523256
2026-05-22 13:05:00,50.353363109079105
2026-05-22 13:10:00,51.45038503673285
2026-05-22 13:15:00,49.94193014808347
2026-05-22 13:20:00,44.260628261186234
2026-05-22 13:25:00,51.643562200999845
2026-05-22 13:30:00,46.01235519068375
2026-05-22 13:35:00,44.25537979119554
2026-05-22 13:40:00,45.5430466613145
2026-05-22 13:45:00,42.739314540794545
2026-05-22 13:50:00,40.81034828822138
2026-05-22 13:55:00,45.39426614502233
2026-05-22 14:00:00,42.42688626621552
2026-05-22 14:05:00,49.72251017212419
2026-05-22 14:10:00,52.686493910390276
2026-05-22 14:15:00,45.068311124548536
2026-05-22 14:20:00,43.13092021975661
2026-05-22 14:25:00,62.976002681678835
2026-05-22 14:30:00,55.48250130889117
2026-05-22 14:35:00,51.83248186445567
2026-05-22 14:40:00,57.646777980103955
2026-05-22 14:45:00,55.74553390683417
2026-05-22 14:50:00,53.96952826761851
2026-05-22 14:55:00,54.83499204544947
2026-05-22 15:00:00,54.517907893966225
2026-05-22 15:05:00,52.521733426564644
2026-05-22 15:10:00,53.83937247939781
2026-05-22 15:15:00,49.69677373767735
2026-05-22 15:20:00,45.89477033050812
2026-05-22 15:25:00,62.699981118776336
2026-05-22 15:30:00,55.41594864326035
2026-05-22 15:35:00,50.542400225547354
2026-05-22 15:40:00,53.871315612887486
2026-05-22 15:45:00,50.841864306066675
2026-05-22 15:50:00,50.42963935850292
2026-05-22 15:55:00,54.4367994762842
2026-05-22 16:00:00,50.43642266347687
2026-05-22 16:05:00,49.03183291166442
2026-05-22 16:10:00,49.65646107980131
2026-05-22 16:15:00,45.66675572432839
2026-05-22 16:20:00,44.93980784136178
2026-05-22 16:25:00,56.02282398045627
2026-05-22 16:30:00,49.40177376486688
2026-05-22 16:35:00,44.58918034893659
2026-05-22 16:40:00,49.44245797101934
2026-05-22 16:45:00,51.15620419244329
2026-05-22 16:50:00,47.0094994659785
2026-05-22 16:55:00,50.95110940196721
2026-05-22 17:00:00,47.37448564827107
2026-05-22 17:05:00,47.74237359245021
2026-05-22 17:10:00,50.182009681175764
2026-05-22 17:15:00,43.109218572570086
2026-05-22 17:20:00,39.32613178770972
2026-05-22 17:25:00,51.616554553633186
2026-05-22 17:30:00,45.61209158159619
2026-05-22 17:35:00,43.53691418236039
2026-05-22 17:40:00,48.24608176212108
2026-05-22 17:45:00,47.477844495996415
2026-05-22 17:50:00,44.9923383363056
2026-05-22 17:55:00,49.22313227037316
2026-05-22 18:00:00,48.15728437770358
2026-05-22 18:05:00,47.219613547667194
2026-05-22 18:10:00,43.74520595696632
2026-05-22 18:15:00,39.17155090510394
2026-05-22 18:20:00,35.14608325915064
2026-05-22 18:25:00,47.75971954729241
2026-05-22 18:30:00,40.15516969393952
2026-05-22 18:35:00,37.83464600997921
2026-05-22 18:40:00,39.333349280516266
2026-05-22 18:45:00,41.18577685806477
2026-05-22 18:50:00,36.7148161544585
2026-05-22 18:55:00,40.01994756857179
2026-05-22 19:00:00,39.643516779837
2026-05-22 19:05:00,38.66105662424887
2026-05-22 19:10:00,36.612202193018184
2026-05-22 19:15:00,32.53249890795453
2026-05-22 19:20:00,31.93437154117304
2026-05-22 19:25:00,42.728403773983615
2026-05-22 19:30:00,37.20944611573543
2026-05-22 19:35:00,33.786899282987434
2026-05-22 19:40:00,37.050249678935444
2026-05-22 19:45:00,35.544010585756716
2026-05-22 19:50:00,32.248498805336105
2026-05-22 19:55:00,36.482080744291174
2026-05-22 20:00:00,33.644762160683825
2026-05-22 20:05:00,34.235589851160206
2026-05-22 20:10:00,34.33190779649263
2026-05-22 20:15:00,31.525661020717077
2026-05-22 20:20:00,31.78576844256977
2026-05-22 20:25:00,42.84995959279191
2026-05-22 20:30:00,52.42332688456488
2026-05-22 20:35:00,49.32093710786903
2026-05-22 20:40:00,51.62851059441586
2026-05-22 20:45:00,46.07985268522069
2026-05-22 20:50:00,51.19990892173213
2026-05-22 20:55:00,48.305448092500036
2026-05-22 21:00:00,43.2901189281729
2026-05-22 21:05:00,45.23885376802785
2026-05-22 21:10:00,45.91459021943794
2026-05-22 21:15:00,41.44408007985963
2026-05-22 21:20:00,39.75745100742749
2026-05-22 21:25:00,48.40985917100763
2026-05-22 21:30:00,36.98371935396606
2026-05-22 21:35:00,38.88876439360429
2026-05-22 21:40:00,35.43454086309392
2026-05-22 21:45:00,24.991689288761492
2026-05-22 21:50:00,24.296751801330586
2026-05-22 21:55:00,28.67040015232254
2026-05-22 22:00:00,26.380902179665167
2026-05-22 22:05:00,23.380460101159965
2026-05-22 22:10:00,25.669158104205113
2026-05-22 22:15:00,20.010084000708453
2026-05-22 22:20:00,21.289541350041507
2026-05-22 22:25:00,29.37130487305336
2026-05-22 22:30:00,23.365003552213416
2026-05-22 22:35:00,23.315266432496273
2026-05-22 22:40:00,26.367523125660597
2026-05-22 22:45:00,23.305630344710462
2026-05-22 22:50:00,18.04212717626552
2026-05-22 22:55:00,25.41644515857382
2026-05-22 23:00:00,22.014684262221294
2026-05-22 23:05:00,20.88848439574711
2026-05-22 23:10:00,19.804962893382875
2026-05-22 23:15:00,17.89293523766431
2026-05-22 23:20:00,14.306195442846015
2026-05-22 23:25:00,25.087561641319017
2026-05-22 23:30:00,17.67900751598489
2026-05-22 23:35:00,14.064343510971922
2026-05-22 23:40:00,16.833868221886906
2026-05-22 23:45:00,14.408184499302093
2026-05-22 23:50:00,13.487056706254211
2026-05-22 23:55:00,16.497210873841286
2026-05-23 00:00:00,15.174140001415054
2026-05-23 00:05:00,14.613671226367575
2026-05-23 00:10:00,17.61447740394898
2026-05-23 00:15:00,12.06993741934349
2026-05-23 00:20:00,10.67828726129286
2026-05-23 00:25:00,22.155187899573416
2026-05-23 00:30:00,17.32121332155634
2026-05-23 00:35:00,16.8533828652003
2026-05-23 00:40:00,21.61606020807293
2026-05-23 00:45:00,20.259021047696496
2026-05-23 00:50:00,17.605076365647342
2026-05-23 00:55:00,20.464878377606265
2026-05-23 01:00:00,19.031184583760492
2026-05-23 01:05:00,19.66597319713659
2026-05-23 01:10:00,18.191294639765704
2026-05-23 01:15:00,14.400810439165692
2026-05-23 01:20:00,11.740960168719837
2026-05-23 01:25:00,19.817721405256602
2026-05-23 01:30:00,19.005986263749268
2026-05-23 01:35:00,17.46531393145197
2026-05-23 01:40:00,17.242026988410686
2026-05-23 01:45:00,15.895591398455522
2026-05-23 01:50:00,13.223990700176442
2026-05-23 01:55:00,19.566346654771635
2026-05-23 02:00:00,15.78456721520188
2026-05-23 02:05:00,16.75133419206588
2026-05-23 02:10:00,18.684727389514457
2026-05-23 02:15:00,15.567845267493826
2026-05-23 02:20:00,15.7842805503435
2026-05-23 02:25:00,29.44949395287234
2026-05-23 02:30:00,27.097372972167825
2026-05-23 02:35:00,25.28395169219514
2026-05-23 02:40:00,28.211928320243544
2026-05-23 02:45:00,32.62595892179134
2026-05-23 02:50:00,26.64926152693608
2026-05-23 02:55:00,32.56057232064543
2026-05-23 03:00:00,29.23475167397431
2026-05-23 03:05:00,29.857671758723843
2026-05-23 03:10:00,28.654997871938804
2026-05-23 03:15:00,26.87918778745116
2026-05-23 03:20:00,26.60884692536685
2026-05-23 03:25:00,41.30124733384183
2026-05-23 03:30:00,36.42528849325794
2026-05-23 03:35:00,35.34208328613877
2026-05-23 03:40:00,35.58750635175542
2026-05-23 03:45:00,40.93881236251204
2026-05-23 03:50:00,42.665993560349946
2026-05-23 03:55:00,47.28003968365829
2026-05-23 04:00:00,44.873283335081304
2026-05-23 04:05:00,42.69576430954522
2026-05-23 04:10:00,44.675969133188104
2026-05-23 04:15:00,42.247422621152005
2026-05-23 04:20:00,43.226631021217635
2026-05-23 04:25:00,54.878731156027946
2026-05-23 04:30:00,48.58182033625313
2026-05-23 04:35:00,47.28335714041446
2026-05-23 04:40:00,53.62696381545251
2026-05-23 04:45:00,51.161401333692204
2026-05-23 04:50:00,46.680201230719
2026-05-23 04:55:00,50.844494780171836
2026-05-23 05:00:00,47.366758106452934
2026-05-23 05:05:00,46.97453743088987
2026-05-23 05:10:00,51.06360079228425
2026-05-23 05:15:00,45.984746308690674
2026-05-23 05:20:00,44.17701638072227
2026-05-23 05:25:00,66.22006379980748
2026-05-23 05:30:00,55.02908169680144
2026-05-23 05:35:00,54.14385555025979
2026-05-23 05:40:00,53.40932665434385
2026-05-23 05:45:00,54.600734672320904
2026-05-23 05:50:00,50.28274030157519
2026-05-23 05:55:00,55.403998951245136
2026-05-23 06:00:00,52.58449878710717
2026-05-23 06:05:00,52.19730741924764
2026-05-23 06:10:00,52.68229790466196
2026-05-23 06:15:00,55.37985413931858
2026-05-23 06:20:00,53.622808061178674
2026-05-23 06:25:00,66.23267243770523
2026-05-23 06:30:00,59.300999710120294
2026-05-23 06:35:00,56.61497422872483
2026-05-23 06:40:00,57.212114912991375
2026-05-23 06:45:00,60.52669983164516
2026-05-23 06:50:00,53.69691006034765
2026-05-23 06:55:00,59.54044687590255
2026-05-23 07:00:00,53.8908873043008
2026-05-23 07:05:00,51.45944470326659
2026-05-23 07:10:00,56.07089112663986
2026-05-23 07:15:00,54.28486080577151
2026-05-23 07:20:00,51.11485220311977
2026-05-23 07:25:00,59.66076316340282
2026-05-23 07:30:00,61.47978657651338
2026-05-23 07:35:00,58.6028547556243
2026-05-23 07:40:00,56.320935198993794
2026-05-23 07:45:00,54.701291040386465
2026-05-23 07:50:00,52.9965278464266
2026-05-23 07:55:00,65.16972853036913
2026-05-23 08:00:00,64.0332225167591
2026-05-23 08:05:00,57.295577758967056
2026-05-23 08:10:00,57.039450779457
2026-05-23 08:15:00,60.121244942510145
2026-05-23 08:20:00,56.69859986289359
2026-05-23 08:25:00,72.02059709513485
2026-05-23 08:30:00,64.39831249292011
2026-05-23 08:35:00,66.13859764969693
2026-05-23 08:40:00,62.796980178121444
2026-05-23 08:45:00,59.40377362416975
2026-05-23 08:50:00,56.56338957485624
2026-05-23 08:55:00,59.83245944151011
2026-05-23 09:00:00,53.34530079116352
2026-05-23 09:05:00,52.415649824691414
2026-05-23 09:10:00,54.152873789761045
2026-05-23 09:15:00,54.8099478122831
2026-05-23 09:20:00,59.38455959800132
2026-05-23 09:25:00,67.26190602233385
2026-05-23 09:30:00,60.679126638192194
2026-05-23 09:35:00,58.106726199034455
2026-05-23 09:40:00,61.13944077063989
2026-05-23 09:45:00,58.969517630244695
2026-05-23 09:50:00,54.96381851028824
2026-05-23 09:55:00,59.467824063622885
2026-05-23 10:00:00,61.65491384537296
2026-05-23 10:05:00,61.27647389321472
2026-05-23 10:10:00,59.63778367626992
2026-05-23 10:15:00,53.56743464750495
2026-05-23 10:20:00,49.62695448002591
2026-05-23 10:25:00,56.19066738657009
2026-05-23 10:30:00,56.99572809443877
2026-05-23 10:35:00,59.0145774200494
2026-05-23 10:40:00,60.314504118522564
2026-05-23 10:45:00,62.760373487424125
2026-05-23 10:50:00,61.448177402260484
2026-05-23 10:55:00,60.532840754444116
2026-05-23 11:00:00,55.61973422613473
2026-05-23 11:05:00,54.906055762560854
2026-05-23 11:10:00,53.27947737190174
2026-05-23 11:15:00,49.97521303634579
2026-05-23 11:20:00,51.57446242122607
2026-05-23 11:25:00,60.47895087932322
2026-05-23 11:30:00,55.52524407536447
2026-05-23 11:35:00,52.338159466130804
2026-05-23 11:40:00,57.89822346298726
2026-05-23 11:45:00,60.15548034911858
2026-05-23 11:50:00,59.213872124589706
2026-05-23 11:55:00,63.965700514209324
2026-05-23 12:00:00,56.465745962037225
2026-05-23 12:05:00,53.736692543427
2026-05-23 12:10:00,52.587384782877
2026-05-23 12:15:00,47.370464191519446
2026-05-23 12:20:00,47.471685655741446
2026-05-23 12:25:00,68.56445085179774
2026-05-23 12:30:00,55.90955418544535
2026-05-23 12:35:00,50.70541290311736
2026-05-23 12:40:00,56.48384260368785
2026-05-23 12:45:00,58.736797048168846
2026-05-23 12:50:00,53.495368116086794
2026-05-23 12:55:00,55.888700035305305
2026-05-23 13:00:00,45.45534394105251
2026-05-23 13:05:00,43.71556948465974
2026-05-23 13:10:00,43.87092047803494
2026-05-23 13:15:00,43.066858984575724
2026-05-23 13:20:00,39.86948071212559
2026-05-23 13:25:00,50.40128413371039
2026-05-23 13:30:00,41.42063364269486
2026-05-23 13:35:00,43.332760598426326
2026-05-23 13:40:00,43.61878497350307
2026-05-23 13:45:00,38.6962237730575
2026-05-23 13:50:00,36.17918822428437
2026-05-23 13:55:00,43.00471527081048
2026-05-23 14:00:00,38.972326799333764
2026-05-23 14:05:00,38.60302471970789
2026-05-23 14:10:00,39.99371733581685
2026-05-23 14:15:00,46.30569566153585
2026-05-23 14:20:00,36.834719399599805
2026-05-23 14:25:00,53.35698859666243
2026-05-23 14:30:00,42.93188390554252
2026-05-23 14:35:00,41.695412809827005
2026-05-23 14:40:00,67.24977083459028
2026-05-23 14:45:00,52.29832589796439
2026-05-23 14:50:00,47.61013749520351
2026-05-23 14:55:00,46.53024984548326
2026-05-23 15:00:00,47.63815107067917
2026-05-23 15:05:00,40.455946693903826
2026-05-23 15:10:00,40.902561523194166
2026-05-23 15:15:00,38.77895069904865
2026-05-23 15:20:00,35.32262222964008
2026-05-23 15:25:00,45.626103726378616
2026-05-23 15:30:00,40.05859465618183
2026-05-23 15:35:00,36.557361737205454
2026-05-23 15:40:00,40.58464215007624
2026-05-23 15:45:00,38.663581572685686
2026-05-23 15:50:00,32.895033927894595
2026-05-23 15:55:00,39.57518385334645
2026-05-23 16:00:00,40.12006843036443
2026-05-23 16:05:00,38.627028063181605
2026-05-23 16:10:00,38.157917166094144
2026-05-23 16:15:00,38.69447773833747
2026-05-23 16:20:00,33.9971036962097
2026-05-23 16:25:00,64.56210107766952
2026-05-23 16:30:00,51.44309296663702
2026-05-23 16:35:00,42.97584719288329
2026-05-23 16:40:00,50.01038154787829
2026-05-23 16:45:00,44.61890838921831
2026-05-23 16:50:00,38.827011407769774
2026-05-23 16:55:00,40.7498218884897
2026-05-23 17:00:00,35.42944268336326
2026-05-23 17:05:00,31.62517573784181
2026-05-23 17:10:00,33.14247578228587
2026-05-23 17:15:00,30.74154974487578
2026-05-23 17:20:00,26.99343216035814
2026-05-23 17:25:00,37.99913897676428
2026-05-23 17:30:00,32.31355790177059
2026-05-23 17:35:00,31.445860925620224
2026-05-23 17:40:00,33.24921154517321
2026-05-23 17:45:00,34.5127997099318
2026-05-23 17:50:00,31.413921502014723
2026-05-23 17:55:00,36.51489626544564
2026-05-23 18:00:00,30.639026173685053
2026-05-23 18:05:00,28.78254839774479
2026-05-23 18:10:00,28.876639052078897
2026-05-23 18:15:00,26.82483503393014
2026-05-23 18:20:00,24.963129340349326
2026-05-23 18:25:00,36.30941551327358
2026-05-23 18:30:00,29.367897184405585
2026-05-23 18:35:00,29.606121428384945
2026-05-23 18:40:00,29.68953877964297
2026-05-23 18:45:00,27.266461890895684
2026-05-23 18:50:00,28.446659881930657
2026-05-23 18:55:00,32.62918465050005
2026-05-23 19:00:00,27.77669097764705
2026-05-23 19:05:00,26.055817409998465
2026-05-23 19:10:00,26.570108664271398
2026-05-23 19:15:00,25.607596004598225
2026-05-23 19:20:00,24.001373552546116
2026-05-23 19:25:00,32.55892096227332
2026-05-23 19:30:00,25.771381198142684
2026-05-23 19:35:00,24.091855078953373
2026-05-23 19:40:00,27.191022922085857
2026-05-23 19:45:00,24.624496879191803
2026-05-23 19:50:00,21.886106857854166
2026-05-23 19:55:00,25.138484554629247
2026-05-23 20:00:00,20.681761540811713
2026-05-23 20:05:00,20.12323357690295
2026-05-23 20:10:00,20.80015563168554
2026-05-23 20:15:00,19.448925334794644
2026-05-23 20:20:00,17.76306691609983
2026-05-23 20:25:00,28.885517325456156
2026-05-23 20:30:00,26.253004623805033
2026-05-23 20:35:00,30.654066287679292
2026-05-23 20:40:00,29.952625830978068
2026-05-23 20:45:00,30.043048733103138
2026-05-23 20:50:00,30.585155960286244
2026-05-23 20:55:00,28.78125370723176
2026-05-23 21:00:00,23.83326231737995
2026-05-23 21:05:00,32.06057883445826
2026-05-23 21:10:00,30.392655850968826
2026-05-23 21:15:00,27.79679303093759
2026-05-23 21:20:00,24.601632856608312
2026-05-23 21:25:00,34.17834052912089
2026-05-23 21:30:00,26.58370828310403
2026-05-23 21:35:00,21.905439677846847
2026-05-23 21:40:00,25.414514927011204
2026-05-23 21:45:00,23.11283403034159
2026-05-23 21:50:00,19.792581488407855
2026-05-23 21:55:00,26.423482585418114
2026-05-23 22:00:00,17.608195067929415
2026-05-23 22:05:00,18.016932682107676
2026-05-23 22:10:00,15.272059309687469
2026-05-23 22:15:00,10.96627284738215
2026-05-23 22:20:00,10.316577010670263
2026-05-23 22:25:00,21.14204736830962
2026-05-23 22:30:00,13.474040774304989
2026-05-23 22:35:00,11.285312823894884
2026-05-23 22:40:00,12.679506804790547
2026-05-23 22:45:00,6.211212982250243
2026-05-23 22:50:00,6.744359875349823
2026-05-23 22:55:00,13.657477266067428
2026-05-23 23:00:00,9.740520314409991
2026-05-23 23:05:00,6.916489405207896
2026-05-23 23:10:00,7.756360018892742
2026-05-23 23:15:00,4.698846864690944
2026-05-23 23:20:00,2.038960003863335
2026-05-23 23:25:00,12.289816910984614
2026-05-23 23:30:00,6.306494543887915
2026-05-23 23:35:00,3.8833940733376178
2026-05-23 23:40:00,5.594649512296223
2026-05-23 23:45:00,4.7073077260581915
2026-05-23 23:50:00,1.6384597886439336
2026-05-23 23:55:00,14.048078028357594
2026-05-24 00:00:00,8.548019982807267
2026-05-24 00:05:00,9.674841002515699
2026-05-24 00:10:00,8.930955235888517
2026-05-24 00:15:00,5.557149470304645
2026-05-24 00:20:00,0.6485766006727418
2026-05-24 00:25:00,14.837487867922764
2026-05-24 00:30:00,4.6838707288663795
2026-05-24 00:35:00,3.602092545752119
2026-05-24 00:40:00,3.4696685237191973
2026-05-24 00:45:00,3.2333082185904227
2026-05-24 00:50:00,1.753404832019389
2026-05-24 00:55:00,7.04880577394208
2026-05-24 01:00:00,3.3883744623896863
2026-05-24 01:05:00,3.4975733086221825
2026-05-24 01:10:00,7.399966924520301
2026-05-24 01:15:00,6.726917484342952
2026-05-24 01:20:00,6.060259829097795
2026-05-24 01:25:00,20.03120032666613
2026-05-24 01:30:00,16.345474643864712
2026-05-24 01:35:00,10.983440262728296
2026-05-24 01:40:00,13.260846774585625
2026-05-24 01:45:00,11.38246932188098
2026-05-24 01:50:00,6.12232394976658
2026-05-24 01:55:00,11.5355840766459
2026-05-24 02:00:00,5.1049990379976515
2026-05-24 02:05:00,4.59617181202651
2026-05-24 02:10:00,7.658796850706663
2026-05-24 02:15:00,4.460853702916492
2026-05-24 02:20:00,2.254210146827265
2026-05-24 02:25:00,13.92250922242737
2026-05-24 02:30:00,9.131548920595268
2026-05-24 02:35:00,8.570027193326275
2026-05-24 02:40:00,10.745325343061475
2026-05-24 02:45:00,10.133079307831574
2026-05-24 02:50:00,8.236585783756963
2026-05-24 02:55:00,12.529884516598107
2026-05-24 03:00:00,11.262408378831044
2026-05-24 03:05:00,14.490196887916165
2026-05-24 03:10:00,14.198737946830603
2026-05-24 03:15:00,16.325085108384354
2026-05-24 03:20:00,15.21209592502824
2026-05-24 03:25:00,24.71279920974462
2026-05-24 03:30:00,17.44920176899931
2026-05-24 03:35:00,19.35810208248767
2026-05-24 03:40:00,22.69844346916994
2026-05-24 03:45:00,24.630482024507412
2026-05-24 03:50:00,15.617013711133069
2026-05-24 03:55:00,18.001367593868416
2026-05-24 04:00:00,9.79291718314502
2026-05-24 04:05:00,9.847100177076108
2026-05-24 04:10:00,10.323033736703284
2026-05-24 04:15:00,9.929035065515675
2026-05-24 04:20:00,5.44593433706475
2026-05-24 04:25:00,15.397940701600731
2026-05-24 04:30:00,9.417618099850428
2026-05-24 04:35:00,11.332312569898686
2026-05-24 04:40:00,17.812952822650583
2026-05-24 04:45:00,12.94957718799917
2026-05-24 04:50:00,6.819287779269106
2026-05-24 04:55:00,13.23974568960831
2026-05-24 05:00:00,7.311896456262837
2026-05-24 05:05:00,6.628635858768177
2026-05-24 05:10:00,8.569260759443088
2026-05-24 05:15:00,5.596563197234039
2026-05-24 05:20:00,4.974786572445027
2026-05-24 05:25:00,21.173211989173645
2026-05-24 05:30:00,20.493732200907328
2026-05-24 05:35:00,9.884609991224918
2026-05-24 05:40:00,12.409254588198616
2026-05-24 05:45:00,8.432626675601753
2026-05-24 05:50:00,8.053795570371609
2026-05-24 05:55:00,13.756307722123564
2026-05-24 06:00:00,8.547767264282431
2026-05-24 06:05:00,6.391243767852633
2026-05-24 06:10:00,8.307743614347169
2026-05-24 06:15:00,6.231381311196991
2026-05-24 06:20:00,4.541688876822021
2026-05-24 06:25:00,17.02874952272029
2026-05-24 06:30:00,13.790561669004658
2026-05-24 06:35:00,15.293556393720259
2026-05-24 06:40:00,22.04000832430922
2026-05-24 06:45:00,13.868561123136816
2026-05-24 06:50:00,9.7369991754543
2026-05-24 06:55:00,14.267717795371054
2026-05-24 07:00:00,11.540598473260768
2026-05-24 07:05:00,11.278931385766642
2026-05-24 07:10:00,12.13788425505328
2026-05-24 07:15:00,9.775018776381538
2026-05-24 07:20:00,5.658315621822847
2026-05-24 07:25:00,16.94692333369283
2026-05-24 07:30:00,12.694594322638356
2026-05-24 07:35:00,11.354734113392537
2026-05-24 07:40:00,14.038967751059412
2026-05-24 07:45:00,12.961281782544226
2026-05-24 07:50:00,14.310643508673158
2026-05-24 07:55:00,16.701521022343037
2026-05-24 08:00:00,13.560047944585612
2026-05-24 08:05:00,13.767717098762827
2026-05-24 08:10:00,15.601207922442374
2026-05-24 08:15:00,12.656633161550209
2026-05-24 08:20:00,9.115601723523541
2026-05-24 08:25:00,18.845003769794822
2026-05-24 08:30:00,17.038139191862793
2026-05-24 08:35:00,14.64686019083856
2026-05-24 08:40:00,15.499143835962576
2026-05-24 08:45:00,15.53332847864336
2026-05-24 08:50:00,11.445837687258607
2026-05-24 08:55:00,16.403652868070658
2026-05-24 09:00:00,13.15342430477181
2026-05-24 09:05:00,11.495520244148892
2026-05-24 09:10:00,14.505855370568236
2026-05-24 09:15:00,13.791764996382504
2026-05-24 09:20:00,11.5565227979143
2026-05-24 09:25:00,18.02434253786459
2026-05-24 09:30:00,12.33424156070714
2026-05-24 09:35:00,11.65271073054205
2026-05-24 09:40:00,17.850703130282717
2026-05-24 09:45:00,15.772502148261388
2026-05-24 09:50:00,12.70586593086415
2026-05-24 09:55:00,19.427804429423272
2026-05-24 10:00:00,16.767767343080774
2026-05-24 10:05:00,14.53408771797796
2026-05-24 10:10:00,15.4298163305507
2026-05-24 10:15:00,17.42796781991055
2026-05-24 10:20:00,14.521134730113733
2026-05-24 10:25:00,20.677719074315704
2026-05-24 10:30:00,15.588336578031504
2026-05-24 10:35:00,15.068373576037802
2026-05-24 10:40:00,17.258541381782642
2026-05-24 10:45:00,17.918106546879585
2026-05-24 10:50:00,16.945976618157832
2026-05-24 10:55:00,21.33514111431887
2026-05-24 11:00:00,18.118136405685583
2026-05-24 11:05:00,17.544833929627256
2026-05-24 11:10:00,16.242336040623194
2026-05-24 11:15:00,15.913577676914962
2026-05-24 11:20:00,11.638413121093585
2026-05-24 11:25:00,20.614780318475976
2026-05-24 11:30:00,17.840109694481693
2026-05-24 11:35:00,17.985346269136645
2026-05-24 11:40:00,16.84053143794327
2026-05-24 11:45:00,15.960510663298717
2026-05-24 11:50:00,15.151571841991021
2026-05-24 11:55:00,20.58949806157547
2026-05-24 12:00:00,15.86471793816106
2026-05-24 12:05:00,16.535890163269137
2026-05-24 12:10:00,18.161743603513123
2026-05-24 12:15:00,17.13810352373248
2026-05-24 12:20:00,13.054624764808345
2026-05-24 12:25:00,20.07277488008692
2026-05-24 12:30:00,14.315128968520938
2026-05-24 12:35:00,14.468847689174428
2026-05-24 12:40:00,16.717054300959504
2026-05-24 12:45:00,16.38006447395113
2026-05-24 12:50:00,12.540672051004256
2026-05-24 12:55:00,17.471536222766588
2026-05-24 13:00:00,15.049446000546451
2026-05-24 13:05:00,16.96107775012366
2026-05-24 13:10:00,16.69038475606565
2026-05-24 13:15:00,13.373868746527728
2026-05-24 13:20:00,10.67448225247372
2026-05-24 13:25:00,20.938899751944845
2026-05-24 13:30:00,15.04687105563133
2026-05-24 13:35:00,16.851436589632748
2026-05-24 13:40:00,19.702975702746166
2026-05-24 13:45:00,16.126275139873165
2026-05-24 13:50:00,12.335710075688956
2026-05-24 13:55:00,17.68494583042051
2026-05-24 14:00:00,15.620038138367907
2026-05-24 14:05:00,15.316979959584872
2026-05-24 14:10:00,15.169942991014409
2026-05-24 14:15:00,12.983178783619348
2026-05-24 14:20:00,11.370539768268696
2026-05-24 14:25:00,24.87221128946235
2026-05-24 14:30:00,17.575902798621716
2026-05-24 14:35:00,17.54593196058375
2026-05-24 14:40:00,23.94629464310257
2026-05-24 14:45:00,21.37723992910468
2026-05-24 14:50:00,18.218073689043717
2026-05-24 14:55:00,25.004937548352444
2026-05-24 15:00:00,24.522416659157404
2026-05-24 15:05:00,24.675175503476066
2026-05-24 15:10:00,24.642075274892054
2026-05-24 15:15:00,23.584088503864063
2026-05-24 15:20:00,21.53256110905036
2026-05-24 15:25:00,29.013555243746296
2026-05-24 15:30:00,20.523816667276336
2026-05-24 15:35:00,17.825651520878573
2026-05-24 15:40:00,20.695444359087823
2026-05-24 15:45:00,20.624286553423183
2026-05-24 15:50:00,19.810475154927413
2026-05-24 15:55:00,22.81921140181229
2026-05-24 16:00:00,20.13608815214529
2026-05-24 16:05:00,18.920630337956634
2026-05-24 16:10:00,20.44569957093632
2026-05-24 16:15:00,20.496989871528935
2026-05-24 16:20:00,18.14871964033007
2026-05-24 16:25:00,27.36915420635449
2026-05-24 16:30:00,21.78984726480442
2026-05-24 16:35:00,22.946891588120273
2026-05-24 16:40:00,25.073340715024266
2026-05-24 16:45:00,24.34426898154669
2026-05-24 16:50:00,23.879723886026643
2026-05-24 16:55:00,30.667221784059638
2026-05-24 17:00:00,26.0336561769616
2026-05-24 17:05:00,24.182686973865536
2026-05-24 17:10:00,24.624014816011954
2026-05-24 17:15:00,21.344014945993074
2026-05-24 17:20:00,19.88323877216296
2026-05-24 17:25:00,31.341940216672686
2026-05-24 17:30:00,22.70828236942123
2026-05-24 17:35:00,24.43506972402089
2026-05-24 17:40:00,27.356933612481498
2026-05-24 17:45:00,25.531979809558038
2026-05-24 17:50:00,24.471725626509652
2026-05-24 17:55:00,29.220973824101954
2026-05-24 18:00:00,23.235085940151066
2026-05-24 18:05:00,22.087945384096567
2026-05-24 18:10:00,23.87585916975267
2026-05-24 18:15:00,20.06091160177203
2026-05-24 18:20:00,17.41587172131435
2026-05-24 18:25:00,29.432280105270554
2026-05-24 18:30:00,22.32789210166071
2026-05-24 18:35:00,21.70409316442666
2026-05-24 18:40:00,28.93057906454996
2026-05-24 18:45:00,29.472277051277263
2026-05-24 18:50:00,25.599103176585324
2026-05-24 18:55:00,25.134527742068087
2026-05-24 19:00:00,21.779669806388167
2026-05-24 19:05:00,21.334685535410877
2026-05-24 19:10:00,21.62685876253081
2026-05-24 19:15:00,21.25477989340516
2026-05-24 19:20:00,16.789289609577498
2026-05-24 19:25:00,29.067181457155595
2026-05-24 19:30:00,19.962898334517394
2026-05-24 19:35:00,18.751336580889046
2026-05-24 19:40:00,21.652783543531108
2026-05-24 19:45:00,19.2671266881406
2026-05-24 19:50:00,14.869101688455249
2026-05-24 19:55:00,20.146306578739058
2026-05-24 20:00:00,16.051007956750073
2026-05-24 20:05:00,12.753847975807798
2026-05-24 20:10:00,14.712419471958837
2026-05-24 20:15:00,13.202319956358913
2026-05-24 20:20:00,12.676859195142129
2026-05-24 20:25:00,21.26309128379839
2026-05-24 20:30:00,25.398841632349995
2026-05-24 20:35:00,28.43097490518167
2026-05-24 20:40:00,29.704779174008035
2026-05-24 20:45:00,27.36079418633544
2026-05-24 20:50:00,33.96823289820526
2026-05-24 20:55:00,31.245189797854177
2026-05-24 21:00:00,23.318655944363126
2026-05-24 21:05:00,28.49866546690331
2026-05-24 21:10:00,27.763462919974774
2026-05-24 21:15:00,23.34884242461922
2026-05-24 21:20:00,18.505947892328575
2026-05-24 21:25:00,26.698928445084864
2026-05-24 21:30:00,18.391443295818025
2026-05-24 21:35:00,17.97854171742226
2026-05-24 21:40:00,16.104331336835553
2026-05-24 21:45:00,14.156792545957083
2026-05-24 21:50:00,10.582889508683605
2026-05-24 21:55:00,15.770020168122795
2026-05-24 22:00:00,10.550928959061565
2026-05-24 22:05:00,10.216987405998687
2026-05-24 22:10:00,11.555873993586596
2026-05-24 22:15:00,9.109184544123522
2026-05-24 22:20:00,6.41910555487746
2026-05-24 22:25:00,17.229087212790166
2026-05-24 22:30:00,11.497908958818124
2026-05-24 22:35:00,9.609132475624307
2026-05-24 22:40:00,11.579512483783983
2026-05-24 22:45:00,9.987182296649896
2026-05-24 22:50:00,10.348334082414977
2026-05-24 22:55:00,14.285119971431653
2026-05-24 23:00:00,13.741831292517185
2026-05-24 23:05:00,17.252057327366177
2026-05-24 23:10:00,21.75758973788488
2026-05-24 23:15:00,10.262001001566231
2026-05-24 23:20:00,12.164098170227824
2026-05-24 23:25:00,13.874500703719336
2026-05-24 23:30:00,11.049037509846883
2026-05-24 23:35:00,7.723107352060319
2026-05-24 23:40:00,9.032299298447988
2026-05-24 23:45:00,5.845451764574658
2026-05-24 23:50:00,3.843417150286917
2026-05-24 23:55:00,8.593218373379331
2026-05-25 00:00:00,4.238926678500492
2026-05-25 00:05:00,4.11777083458922
2026-05-25 00:10:00,4.555877301920188
2026-05-25 00:15:00,3.5521826184375147
2026-05-25 00:20:00,2.739207158917216
2026-05-25 00:25:00,12.90266218388594
2026-05-25 00:30:00,8.19174775474682
2026-05-25 00:35:00,9.75807873463936
2026-05-25 00:40:00,10.309768266805227
2026-05-25 00:45:00,6.771485296437237
2026-05-25 00:50:00,4.189929512619947
2026-05-25 00:55:00,9.009058865450964
2026-05-25 01:00:00,5.229638535072348
2026-05-25 01:05:00,5.881468616614331
2026-05-25 01:10:00,6.539098238805803
2026-05-25 01:15:00,4.366240663862275
2026-05-25 01:20:00,0.786889514834985
2026-05-25 01:25:00,12.6790083882649
2026-05-25 01:30:00,4.312662305941623
2026-05-25 01:35:00,4.710646347432311
2026-05-25 01:40:00,7.15430782276948
2026-05-25 01:45:00,4.3738815087927385
2026-05-25 01:50:00,8.131433472364414
2026-05-25 01:55:00,17.46187481476492
2026-05-25 02:00:00,9.001643552871084
2026-05-25 02:05:00,5.688289350953357
2026-05-25 02:10:00,7.040715924332876
2026-05-25 02:15:00,5.033609021835066
2026-05-25 02:20:00,2.9737350000715708
2026-05-25 02:25:00,19.019477689315544
2026-05-25 02:30:00,15.44055341235169
2026-05-25 02:35:00,18.444136878153973
2026-05-25 02:40:00,22.65749272370865
2026-05-25 02:45:00,15.03298686868974
2026-05-25 02:50:00,9.685630563306754
2026-05-25 02:55:00,14.521461872904629
2026-05-25 03:00:00,10.206772263361621
2026-05-25 03:05:00,9.41150081714658
2026-05-25 03:10:00,9.873988427355156
2026-05-25 03:15:00,13.0626090688179
2026-05-25 03:20:00,8.115140898003743
2026-05-25 03:25:00,14.27789939590905
2026-05-25 03:30:00,5.57512598266787
2026-05-25 03:35:00,5.0797465420515335
2026-05-25 03:40:00,7.5063452127557895
2026-05-25 03:45:00,5.281503903722598
2026-05-25 03:50:00,3.082499829723876
2026-05-25 03:55:00,10.209641988191343
2026-05-25 04:00:00,4.1646455419052195
2026-05-25 04:05:00,3.5213800789024536
2026-05-25 04:10:00,5.075957234582971
2026-05-25 04:15:00,3.4689553280052063
2026-05-25 04:20:00,1.5623467452940136
2026-05-25 04:25:00,11.631535921579536
2026-05-25 04:30:00,5.464463063813398
2026-05-25 04:35:00,4.4537756255571725
2026-05-25 04:40:00,6.086166457697496
2026-05-25 04:45:00,5.667431750964017
2026-05-25 04:50:00,4.014089740799964
2026-05-25 04:55:00,8.902516635276942
2026-05-25 05:00:00,6.968984385879804
2026-05-25 05:05:00,5.089968534142786
2026-05-25 05:10:00,6.321833611244476
2026-05-25 05:15:00,3.8209425601990343
2026-05-25 05:20:00,0.2002800115166176
2026-05-25 05:25:00,16.451478297830917
2026-05-25 05:30:00,10.639915110089513
2026-05-25 05:35:00,15.415054271263129
2026-05-25 05:40:00,13.624630055054698
2026-05-25 05:45:00,11.881166981462691
2026-05-25 05:50:00,6.35253067262737
2026-05-25 05:55:00,11.13155630261547
2026-05-25 06:00:00,7.195860228331908
2026-05-25 06:05:00,6.858492335960451
2026-05-25 06:10:00,6.780563068955869
2026-05-25 06:15:00,2.9750604812475236
2026-05-25 06:20:00,0.030874007577035494
2026-05-25 06:25:00,24.998300856518725
2026-05-25 06:30:00,9.123697112306356
2026-05-25 06:35:00,6.180098322149232
2026-05-25 06:40:00,9.971629754155826
2026-05-25 06:45:00,7.811043441781888
2026-05-25 06:50:00,7.032640297833098
2026-05-25 06:55:00,14.285032085777091
2026-05-25 07:00:00,11.697470589557323
2026-05-25 07:05:00,10.408517279381584
2026-05-25 07:10:00,11.00026113380228
2026-05-25 07:15:00,8.119526840226058
2026-05-25 07:20:00,5.769119084645873
2026-05-25 07:25:00,14.544546310179063
2026-05-25 07:30:00,9.438987542238761
2026-05-25 07:35:00,9.376963477356265
2026-05-25 07:40:00,12.374678505471723
2026-05-25 07:45:00,10.257534220294879
2026-05-25 07:50:00,8.478130156042827
2026-05-25 07:55:00,15.668448873475413
2026-05-25 08:00:00,11.58717507635141
2026-05-25 08:05:00,13.554659967755878
2026-05-25 08:10:00,15.607329882008667
2026-05-25 08:15:00,14.36888420371244
2026-05-25 08:20:00,9.890437129331769
2026-05-25 08:25:00,19.017039742519042
2026-05-25 08:30:00,12.55175369528105
2026-05-25 08:35:00,12.716918079885664
2026-05-25 08:40:00,13.990623016691922
2026-05-25 08:45:00,17.22116991699999
2026-05-25 08:50:00,19.55977304884092
2026-05-25 08:55:00,24.021576410124585
2026-05-25 09:00:00,22.152435005494713
2026-05-25 09:05:00,20.604705110410617
2026-05-25 09:10:00,19.201883561634133
2026-05-25 09:15:00,18.18380598599395
2026-05-25 09:20:00,14.732037663260241
2026-05-25 09:25:00,24.73239657220762
2026-05-25 09:30:00,17.606763263455775
2026-05-25 09:35:00,17.607614014114574
2026-05-25 09:40:00,19.384807596818785
2026-05-25 09:45:00,20.13590476099994
2026-05-25 09:50:00,19.641658184578137
2026-05-25 09:55:00,25.368142287347684
2026-05-25 10:00:00,18.954056803678753
2026-05-25 10:05:00,19.10930777241065
2026-05-25 10:10:00,18.823161782745643
2026-05-25 10:15:00,15.739748364341347
2026-05-25 10:20:00,14.660701152749066
2026-05-25 10:25:00,26.03946286509391
2026-05-25 10:30:00,19.356648340867903
2026-05-25 10:35:00,19.809146570974132
2026-05-25 10:40:00,19.702870047848034
2026-05-25 10:45:00,21.302709115906822
2026-05-25 10:50:00,19.20478421194156
2026-05-25 10:55:00,22.285400712606027
2026-05-25 11:00:00,19.043795685363403
2026-05-25 11:05:00,21.221243371665786
2026-05-25 11:10:00,21.84738344125044
2026-05-25 11:15:00,20.041577820578976
2026-05-25 11:20:00,14.63190600195965
2026-05-25 11:25:00,23.82149138141748
2026-05-25 11:30:00,17.646858774172678
2026-05-25 11:35:00,17.80898197322757
2026-05-25 11:40:00,19.928454659528192
2026-05-25 11:45:00,18.853094696861568
2026-05-25 11:50:00,15.29206901487232
2026-05-25 11:55:00,21.58227989176034
2026-05-25 12:00:00,17.91695652050143
2026-05-25 12:05:00,17.630578102871045
2026-05-25 12:10:00,19.70988583022232
2026-05-25 12:15:00,16.690875543492353
2026-05-25 12:20:00,13.481704701875518
2026-05-25 12:25:00,26.131628591786594
2026-05-25 12:30:00,22.183803483482958
2026-05-25 12:35:00,21.048962047946755
2026-05-25 12:40:00,23.66542849273432
2026-05-25 12:45:00,24.123960208717865
2026-05-25 12:50:00,21.209090417593515
2026-05-25 12:55:00,23.45538565573362
2026-05-25 13:00:00,18.54773210648761
2026-05-25 13:05:00,21.523491116504466
2026-05-25 13:10:00,23.949349538620112
2026-05-25 13:15:00,22.587305145675188
2026-05-25 13:20:00,17.254470483807253
2026-05-25 13:25:00,24.732467435403095
2026-05-25 13:30:00,18.09401956847795
2026-05-25 13:35:00,16.841961461259285
2026-05-25 13:40:00,20.333555531857282
2026-05-25 13:45:00,17.6172900580625
2026-05-25 13:50:00,14.354549284268897
2026-05-25 13:55:00,20.606612644315675
2026-05-25 14:00:00,19.99402577812788
2026-05-25 14:05:00,22.58532833180366
2026-05-25 14:10:00,22.54974486244726
2026-05-25 14:15:00,18.76590166051931
2026-05-25 14:20:00,15.263798466052158
2026-05-25 14:25:00,29.659281554147793
2026-05-25 14:30:00,25.956502211216332
2026-05-25 14:35:00,25.69619922223011
2026-05-25 14:40:00,34.74530060207803
2026-05-25 14:45:00,33.75179910159125
2026-05-25 14:50:00,24.53417744428036
2026-05-25 14:55:00,26.90757354314738
2026-05-25 15:00:00,26.72608215178865
2026-05-25 15:05:00,28.108240109923692
2026-05-25 15:10:00,27.76219461665556
2026-05-25 15:15:00,27.275496819650403
2026-05-25 15:20:00,28.271066420950735
2026-05-25 15:25:00,34.5222299824371
2026-05-25 15:30:00,26.116293932113038
2026-05-25 15:35:00,26.295302105991002
2026-05-25 15:40:00,25.49113043234497
2026-05-25 15:45:00,26.26401102349078
2026-05-25 15:50:00,24.101883714329084
2026-05-25 15:55:00,32.37793227592445
2026-05-25 16:00:00,30.120073394602954
2026-05-25 16:05:00,28.934979804135512
2026-05-25 16:10:00,27.17078703711528
2026-05-25 16:15:00,25.231763283919673
2026-05-25 16:20:00,21.88867949107426
2026-05-25 16:25:00,34.16429025664951
2026-05-25 16:30:00,28.518855154802765
2026-05-25 16:35:00,32.356017688018795
2026-05-25 16:40:00,35.63784864498057
2026-05-25 16:45:00,32.43498612199479
2026-05-25 16:50:00,28.62462422342693
2026-05-25 16:55:00,32.57670296223902
2026-05-25 17:00:00,29.71175660430433
2026-05-25 17:05:00,32.94791640671733
2026-05-25 17:10:00,35.763220218759606
2026-05-25 17:15:00,32.7870848807972
2026-05-25 17:20:00,27.939433413725524
2026-05-25 17:25:00,36.810565592487826
2026-05-25 17:30:00,29.90631213101936
2026-05-25 17:35:00,32.27022176195327
2026-05-25 17:40:00,36.35674781308456
2026-05-25 17:45:00,34.02369759002932
2026-05-25 17:50:00,30.955824906331852
2026-05-25 17:55:00,35.71019656774418
2026-05-25 18:00:00,27.79264658046404
2026-05-25 18:05:00,28.35619700440069
2026-05-25 18:10:00,29.34567654047264
2026-05-25 18:15:00,22.002132652329905
2026-05-25 18:20:00,19.26457782928987
2026-05-25 18:25:00,32.38261847664124
2026-05-25 18:30:00,23.996207277862975
2026-05-25 18:35:00,22.874886971780807
2026-05-25 18:40:00,27.008874328774525
2026-05-25 18:45:00,29.996662283457436
2026-05-25 18:50:00,26.33812275616655
2026-05-25 18:55:00,29.606029607847066
2026-05-25 19:00:00,22.80978719799575
2026-05-25 19:05:00,21.864109695271974
2026-05-25 19:10:00,21.57077041570243
2026-05-25 19:15:00,19.305366171900165
2026-05-25 19:20:00,18.58473428981077
2026-05-25 19:25:00,31.268466244986705
2026-05-25 19:30:00,21.693206913479823
2026-05-25 19:35:00,16.4159105765777
2026-05-25 19:40:00,19.1580304623793
2026-05-25 19:45:00,18.157659325689366
2026-05-25 19:50:00,17.160134729930604
2026-05-25 19:55:00,24.659556054823465
2026-05-25 20:00:00,21.576256103042642
2026-05-25 20:05:00,21.111426344734248
2026-05-25 20:10:00,20.51864747811445
2026-05-25 20:15:00,17.326342395105986
2026-05-25 20:20:00,16.49602345453355
2026-05-25 20:25:00,27.454282886881522
2026-05-25 20:30:00,27.69280426500922
2026-05-25 20:35:00,32.05069394609033
2026-05-25 20:40:00,33.767098011390495
2026-05-25 20:45:00,37.566762869990704
2026-05-25 20:50:00,39.323052828845576
2026-05-25 20:55:00,36.33687240756077
2026-05-25 21:00:00,30.490576173198285
2026-05-25 21:05:00,27.805727691619815
2026-05-25 21:10:00,27.771247598908538
2026-05-25 21:15:00,28.20663264757492
2026-05-25 21:20:00,20.79089812952163
2026-05-25 21:25:00,33.42660740463326
2026-05-25 21:30:00,29.56949926709308
2026-05-25 21:35:00,25.520760028137
2026-05-25 21:40:00,29.928807640477316
2026-05-25 21:45:00,31.3771432702683
2026-05-25 21:50:00,27.900702885135658
2026-05-25 21:55:00,30.155032261420146
2026-05-25 22:00:00,22.869257006686446
2026-05-25 22:05:00,20.10875716038703
2026-05-25 22:10:00,18.260054106911934
2026-05-25 22:15:00,16.645066307509936
2026-05-25 22:20:00,14.213178635437599
2026-05-25 22:25:00,29.29269762768221
2026-05-25 22:30:00,16.510831378702356
2026-05-25 22:35:00,22.21793786695791
2026-05-25 22:40:00,22.403980819925927
2026-05-25 22:45:00,21.554129189391876
2026-05-25 22:50:00,17.17592944316997
2026-05-25 22:55:00,22.264001585229344
2026-05-25 23:00:00,19.840171462679663
2026-05-25 23:05:00,17.457665487133927
2026-05-25 23:10:00,16.0246728642133
2026-05-25 23:15:00,15.940124286438614
2026-05-25 23:20:00,12.83043279901111
2026-05-25 23:25:00,21.89477938057883
2026-05-25 23:30:00,17.176751152913795
2026-05-25 23:35:00,14.627799244835545
2026-05-25 23:40:00,13.67071363620403
2026-05-25 23:45:00,11.070719452070016
2026-05-25 23:50:00,14.870543257472063
2026-05-25 23:55:00,16.118130145012405
2026-05-26 00:00:00,11.226582012587679
